Scheme Name,Net Asset Value,Outstanding Number of Units,Nav Per Unit,Sale Price per Unit,Repurchase Price/Unit,Date Valued
Bond Fund,322543871717.3,2810605055.48,114.7596,114.7596,114.7596,2022-12-30
Bond Fund,322201365882.47,2808386687.91,114.7283,114.7283,114.7283,2022-12-29
Bond Fund,322240185499.51,2809499625.44,114.6966,114.6966,114.6966,2022-12-28
Bond Fund,321010329276.27,2802003904.92,114.5646,114.5646,114.5646,2022-12-27
Bond Fund,319299356141.01,2790119224.38,114.4393,114.4393,114.4393,2022-12-23
Bond Fund,318893785804.95,2787342893.78,114.4078,114.4078,114.4078,2022-12-22
Bond Fund,317210318787.55,2774121970.66,114.3462,114.3462,114.3462,2022-12-20
Bond Fund,316342173550.29,2767280942.44,114.3152,114.3152,114.3152,2022-12-19
Bond Fund,315708003941.69,2763970521.48,114.2226,114.2226,114.2226,2022-12-16
Bond Fund,309988566730.34,2714617848.62,114.1923,114.1923,114.1923,2022-12-15
Bond Fund,309857000204.34,2714209234.38,114.1611,114.1611,114.1611,2022-12-14
Bond Fund,309159127727.3,2708829366.04,114.1302,114.1302,114.1302,2022-12-13
Bond Fund,307913741725.09,2698661852.61,114.0987,114.0987,114.0987,2022-12-12
Bond Fund,307148231662.57,2694872003.28,113.9751,113.9751,113.9751,2022-12-08
Bond Fund,306415821628.57,2689173632.73,113.9442,113.9442,113.9442,2022-12-07
Bond Fund,305530508682.65,2682136602.0,113.9131,113.9131,113.9131,2022-12-06
Bond Fund,304911208429.95,2677433835.0,113.8819,113.8819,113.8819,2022-12-05
Bond Fund,302343802951.37,2657069338.0,113.7885,113.7885,113.7885,2022-12-02
Bond Fund,301330273713.3,2648893275.0,113.757,113.757,113.757,2022-12-01
Bond Fund,303359737618.04,2644190021.0,114.7269,114.7269,114.7269,2022-11-30
Bond Fund,302904124821.1,2640935811.0,114.6958,114.6958,114.6958,2022-11-29
Bond Fund,301295984474.17,2627679789.0,114.6624,114.6624,114.6624,2022-11-28
Bond Fund,300646844471.24,2624177222.0,114.568,114.568,114.568,2022-11-25
Bond Fund,300011933924.77,2619354795.0,114.5366,114.5366,114.5366,2022-11-24
Bond Fund,299131534309.72,2612385608.0,114.5051,114.5051,114.5051,2022-11-23
Bond Fund,298574214028.65,2608223888.0,114.4742,114.4742,114.4742,2022-11-22
Bond Fund,297794169615.73,2602083655.0,114.4445,114.4445,114.4445,2022-11-21
Bond Fund,297506000193.56,2601669040.0,114.352,114.352,114.352,2022-11-18
Bond Fund,296700256947.02,2595314650.0,114.3215,114.3215,114.3215,2022-11-17
Bond Fund,296051553218.44,2594027829.0,114.1281,114.1281,114.1281,2022-11-16
Bond Fund,296867705310.82,2601911845.0,114.096,114.096,114.096,2022-11-15
Bond Fund,296084033370.94,2595753878.0,114.0648,114.0648,114.0648,2022-11-14
Bond Fund,295718460334.16,2594685588.0,113.9708,113.9708,113.9708,2022-11-11
Bond Fund,295187918361.85,2590727751.0,113.9402,113.9402,113.9402,2022-11-10
Bond Fund,294488207764.79,2585290280.0,113.9091,113.9091,113.9091,2022-11-09
Bond Fund,293549040558.98,2577748068.0,113.8781,113.8781,113.8781,2022-11-08
Bond Fund,292299794128.15,2567463249.0,113.8477,113.8477,113.8477,2022-11-07
Bond Fund,291605948511.64,2563455769.0,113.755,113.755,113.755,2022-11-04
Bond Fund,288737465694.56,2538939455.0,113.7237,113.7237,113.7237,2022-11-03
Bond Fund,288107319326.99,2534094530.0,113.6924,113.6924,113.6924,2022-11-02
Bond Fund,287696318098.99,2531154073.0,113.6621,113.6621,113.6621,2022-11-01
Bond Fund,289171880767.55,2522635762.0,114.6308,114.6308,114.6308,2022-10-31
Bond Fund,288530960312.06,2519102939.0,114.5372,114.5372,114.5372,2022-10-28
Bond Fund,287806503459.92,2513460867.0,114.5061,114.5061,114.5061,2022-10-27
Bond Fund,287194249601.37,2512114396.0,114.3237,114.3237,114.3237,2022-10-26
Bond Fund,287085907950.54,2511855246.0,114.2924,114.2924,114.2924,2022-10-25
Bond Fund,286304425876.57,2505702526.0,114.2611,114.2611,114.2611,2022-10-24
Bond Fund,285269076561.34,2498693617.0,114.1673,114.1673,114.1673,2022-10-21
Bond Fund,283315099976.88,2483603846.0,114.0742,114.0742,114.0742,2022-10-18
Bond Fund,281881973617.98,2471715726.0,114.043,114.043,114.043,2022-10-17
Bond Fund,281248544591.99,2468844387.0,113.9191,113.9191,113.9191,2022-10-13
Bond Fund,280199523972.86,2460304826.0,113.8881,113.8881,113.8881,2022-10-12
Bond Fund,279436536057.68,2454274276.0,113.8571,113.8571,113.8571,2022-10-11
Bond Fund,278399960211.87,2445838285.0,113.826,113.826,113.826,2022-10-10
Bond Fund,277627773224.29,2441064539.0,113.7323,113.7323,113.7323,2022-10-07
Bond Fund,277196478040.33,2437943091.0,113.701,113.701,113.701,2022-10-06
Bond Fund,276534350359.4,2432788706.0,113.6697,113.6697,113.6697,2022-10-05
Bond Fund,274326752566.04,2414020362.0,113.639,113.639,113.639,2022-10-04
Bond Fund,272776440846.26,2401108753.0,113.6044,113.6044,113.6044,2022-10-03
Bond Fund,275003962961.48,2401861586.0,114.4962,114.4962,114.4962,2022-09-30
Bond Fund,274477833955.3,2397952613.0,114.4634,114.4634,114.4634,2022-09-29
Bond Fund,273784277705.85,2392562035.0,114.4314,114.4314,114.4314,2022-09-28
Bond Fund,273412903926.73,2389960666.0,114.4006,114.4006,114.4006,2022-09-27
Bond Fund,271537849038.2,2379720285.0,114.1049,114.1049,114.1049,2022-09-26
Bond Fund,264071115883.27,2316138471.0,114.0135,114.0135,114.0135,2022-09-23
Bond Fund,263614140628.45,2312767340.0,113.9821,113.9821,113.9821,2022-09-22
Bond Fund,262988782557.89,2307918410.0,113.9506,113.9506,113.9506,2022-09-21
Bond Fund,262149954051.6,2301192534.0,113.9192,113.9192,113.9192,2022-09-20
Bond Fund,261711469435.32,2297975212.0,113.8879,113.8879,113.8879,2022-09-19
Bond Fund,260889728885.02,2292653834.0,113.7938,113.7938,113.7938,2022-09-16
Bond Fund,260145757263.6,2286757818.0,113.7618,113.7618,113.7618,2022-09-15
Bond Fund,259212278667.79,2279183523.0,113.7303,113.7303,113.7303,2022-09-14
Bond Fund,258689306600.84,2275216641.0,113.6988,113.6988,113.6988,2022-09-13
Bond Fund,257710996972.53,2267241566.0,113.6672,113.6672,113.6672,2022-09-12
Bond Fund,256973836518.45,2262648493.0,113.5721,113.5721,113.5721,2022-09-09
Bond Fund,256098499719.61,2255572844.0,113.5403,113.5403,113.5403,2022-09-08
Bond Fund,255490946557.2,2250853627.0,113.5084,113.5084,113.5084,2022-09-07
Bond Fund,254892203031.52,2246202546.0,113.4769,113.4769,113.4769,2022-09-06
Bond Fund,254083441357.02,2239699023.0,113.4454,113.4454,113.4454,2022-09-05
Bond Fund,251410590420.77,2217999323.0,113.3502,113.3502,113.3502,2022-09-02
Bond Fund,249422030927.56,2201057768.0,113.3192,113.3192,113.3192,2022-09-01
Bond Fund,251268347538.67,2198571499.0,114.2871,114.2871,114.2871,2022-08-31
Bond Fund,250191836308.1,2189749298.0,114.2559,114.2559,114.2559,2022-08-30
Bond Fund,248658141882.44,2176930050.0,114.2242,114.2242,114.2242,2022-08-29
Bond Fund,247767941401.21,2170952922.34,114.1287,114.1287,114.1287,2022-08-26
Bond Fund,247015624894.39,2164965440.15,114.0968,114.0968,114.0968,2022-08-25
Bond Fund,246443775793.19,2160556235.36,114.065,114.065,114.065,2022-08-24
Bond Fund,245583360502.39,2154204318.15,114.0019,114.0019,114.0019,2022-08-22
Bond Fund,242731123762.35,2138601424.53,113.4999,113.4999,113.4999,2022-08-19
Bond Fund,242831267262.15,2140099838.24,113.4673,113.4673,113.4673,2022-08-18
Bond Fund,242417179642.35,2137674374.49,113.4023,113.4023,113.4023,2022-08-16
Bond Fund,241382787563.28,2129158287.44,113.3701,113.3701,113.3701,2022-08-15
Bond Fund,240501146023.72,2123176321.65,113.2742,113.2742,113.2742,2022-08-12
Bond Fund,240019595964.7,2119535195.77,113.2416,113.2416,113.2416,2022-08-11
Bond Fund,238990987677.48,2111048583.29,113.2096,113.2096,113.2096,2022-08-10
Bond Fund,238024840188.16,2103111345.78,113.1775,113.1775,113.1775,2022-08-09
Bond Fund,236785692386.77,2094545396.4,113.0487,113.0487,113.0487,2022-08-05
Bond Fund,235952580242.52,2087772386.15,113.0164,113.0164,113.0164,2022-08-04
Bond Fund,235272437476.01,2082350659.2,112.9841,112.9841,112.9841,2022-08-03
Bond Fund,233187806492.26,2064472496.67,112.9527,112.9527,112.9527,2022-08-02
Bond Fund,231526711844.55,2050361159.25,112.92,112.92,112.92,2022-08-01
Bond Fund,232645006942.69,2043961763.96,113.8206,113.8206,113.8206,2022-07-29
Bond Fund,232176332487.48,2040439915.17,113.7874,113.7874,113.7874,2022-07-28
Bond Fund,230885229336.99,2029664726.35,113.7554,113.7554,113.7554,2022-07-27
Bond Fund,230098364502.3,2023319513.48,113.7232,113.7232,113.7232,2022-07-26
Bond Fund,229478670184.55,2018448902.76,113.6906,113.6906,113.6906,2022-07-25
Bond Fund,228790427582.98,2014115281.55,113.5935,113.5935,113.5935,2022-07-22
Bond Fund,227303486003.11,2001595036.03,113.5612,113.5612,113.5612,2022-07-21
Bond Fund,226992347422.53,1999436823.93,113.5281,113.5281,113.5281,2022-07-20
Bond Fund,226300942273.17,1993914104.63,113.4958,113.4958,113.4958,2022-07-19
Bond Fund,225676042114.2,1988975074.31,113.4635,113.4635,113.4635,2022-07-18
Bond Fund,224954647397.67,1984321695.78,113.366,113.366,113.366,2022-07-15
Bond Fund,224682393020.71,1982492784.64,113.3333,113.3333,113.3333,2022-07-14
Bond Fund,223439892031.93,1972094663.98,113.3008,113.3008,113.3008,2022-07-13
Bond Fund,223138705180.8,1970004663.04,113.2681,113.2681,113.2681,2022-07-12
Bond Fund,221973658743.46,1960281200.45,113.2356,113.2356,113.2356,2022-07-11
Bond Fund,221117438948.5,1954423981.95,113.1369,113.1369,113.1369,2022-07-08
Bond Fund,221194685098.99,1956240750.15,113.0713,113.0713,113.0713,2022-07-06
Bond Fund,220385384506.3,1949643626.57,113.0388,113.0388,113.0388,2022-07-05
Bond Fund,219027298462.46,1938193161.77,113.0059,113.0059,113.0059,2022-07-04
Bond Fund,218335100051.23,1933752381.5,112.9075,112.9075,112.9075,2022-07-01
Bond Fund,219794849721.34,1930149152.62,113.8745,113.8745,113.8745,2022-06-30
Bond Fund,219348869470.57,1926788167.19,113.8417,113.8417,113.8417,2022-06-29
Bond Fund,218659321898.35,1921233430.95,113.8119,113.8119,113.8119,2022-06-28
Bond Fund,217816089606.98,1914381877.46,113.7788,113.7788,113.7788,2022-06-27
Bond Fund,217445997792.19,1912787283.43,113.6802,113.6802,113.6802,2022-06-24
Bond Fund,217332040499.55,1912339708.85,113.6472,113.6472,113.6472,2022-06-23
Bond Fund,217379610938.84,1913306649.01,113.6146,113.6146,113.6146,2022-06-22
Bond Fund,216543025913.62,1906488723.46,113.5821,113.5821,113.5821,2022-06-21
Bond Fund,217047981606.79,1911484004.3,113.5495,113.5495,113.5495,2022-06-20
Bond Fund,216295965244.81,1906497066.47,113.452,113.452,113.452,2022-06-17
Bond Fund,215767465889.47,1902386007.2,113.4194,113.4194,113.4194,2022-06-16
Bond Fund,215830722655.68,1903506476.34,113.3859,113.3859,113.3859,2022-06-15
Bond Fund,215145851375.24,1898011111.71,113.3533,113.3533,113.3533,2022-06-14
Bond Fund,214432357337.6,1892260185.11,113.3208,113.3208,113.3208,2022-06-13
Bond Fund,213343037253.93,1884278631.66,113.2227,113.2227,113.2227,2022-06-10
Bond Fund,212897381380.29,1880892310.72,113.1896,113.1896,113.1896,2022-06-09
Bond Fund,212362745209.31,1876713551.02,113.1567,113.1567,113.1567,2022-06-08
Bond Fund,211669726674.6,1871128483.39,113.1241,113.1241,113.1241,2022-06-07
Bond Fund,211007045161.6,1865809865.0,113.0914,113.0914,113.0914,2022-06-06
Bond Fund,210279782781.76,1860999622.24,112.9929,112.9929,112.9929,2022-06-03
Bond Fund,208126479841.87,1842494368.3,112.9591,112.9591,112.9591,2022-06-02
Bond Fund,207129683468.58,1834187922.59,112.9272,112.9272,112.9272,2022-06-01
Bond Fund,208187420719.15,1827906000.85,113.8939,113.8939,113.8939,2022-05-31
Bond Fund,206531710220.96,1813896083.33,113.8608,113.8608,113.8608,2022-05-30
Bond Fund,205941301165.06,1810314788.46,113.7599,113.7599,113.7599,2022-05-27
Bond Fund,205570196364.31,1807582103.01,113.7266,113.7266,113.7266,2022-05-26
Bond Fund,205263042042.18,1805413471.49,113.6931,113.6931,113.6931,2022-05-25
Bond Fund,204609245108.16,1800185437.29,113.6601,113.6601,113.6601,2022-05-24
Bond Fund,203477701183.18,1795117862.82,113.3506,113.3506,113.3506,2022-05-23
Bond Fund,202872711940.92,1791342509.19,113.2518,113.2518,113.2518,2022-05-20
Bond Fund,202502972596.22,1788596864.54,113.2189,113.2189,113.2189,2022-05-19
Bond Fund,202988385971.49,1793364858.29,113.1886,113.1886,113.1886,2022-05-18
Bond Fund,202436480287.08,1789006907.01,113.1558,113.1558,113.1558,2022-05-17
Bond Fund,201147254451.95,1778130082.87,113.1229,113.1229,113.1229,2022-05-16
Bond Fund,200352386347.14,1772655354.75,113.0239,113.0239,113.0239,2022-05-13
Bond Fund,199381614488.83,1764577577.16,112.9911,112.9911,112.9911,2022-05-12
Bond Fund,198951892096.98,1761291728.7,112.9579,112.9579,112.9579,2022-05-11
Bond Fund,198274601934.16,1755803188.53,112.9253,112.9253,112.9253,2022-05-10
Bond Fund,197474368893.96,1749245373.8,112.8912,112.8912,112.8912,2022-05-09
Bond Fund,196544200971.66,1742490974.51,112.795,112.795,112.795,2022-05-06
Bond Fund,194847530596.28,1728071336.08,112.7543,112.7543,112.7543,2022-05-05
Bond Fund,194234366024.4,1724119919.15,112.6571,112.6571,112.6571,2022-05-02
Bond Fund,195278389687.96,1719643990.25,113.5575,113.5575,113.5575,2022-04-29
Bond Fund,194726905256.88,1715280783.4,113.5248,113.5248,113.5248,2022-04-28
Bond Fund,192823136153.09,1705446550.65,113.0631,113.0631,113.0631,2022-04-27
Bond Fund,192169202275.39,1700665928.12,112.9964,112.9964,112.9964,2022-04-25
Bond Fund,191199643450.63,1693521564.64,112.9006,112.9006,112.9006,2022-04-22
Bond Fund,190990203505.9,1692202723.23,112.8648,112.8648,112.8648,2022-04-21
Bond Fund,190537263508.98,1688694328.28,112.8311,112.8311,112.8311,2022-04-20
Bond Fund,189685744397.47,1681647078.32,112.7976,112.7976,112.7976,2022-04-19
Bond Fund,188405242577.09,1672798864.04,112.6287,112.6287,112.6287,2022-04-14
Bond Fund,187648500838.19,1666562461.52,112.5961,112.5961,112.5961,2022-04-13
Bond Fund,187561352220.93,1666279294.56,112.563,112.563,112.563,2022-04-12
Bond Fund,186626856187.36,1658458143.66,112.5303,112.5303,112.5303,2022-04-11
Bond Fund,185829683153.54,1652821457.14,112.4318,112.4318,112.4318,2022-04-08
Bond Fund,184940804772.94,1645878911.84,112.366,112.366,112.366,2022-04-06
Bond Fund,184309260960.0,1640740577.37,112.333,112.333,112.333,2022-04-05
Bond Fund,181347722503.22,1614830757.77,112.3014,112.3014,112.3014,2022-04-04
Bond Fund,179164918861.9,1596829718.76,112.2004,112.2004,112.2004,2022-04-01
Bond Fund,180146881623.94,1591873165.69,113.1666,113.1666,113.1666,2022-03-31
Bond Fund,179197890985.12,1583958677.79,113.1329,113.1329,113.1329,2022-03-30
Bond Fund,178076031763.85,1574506392.25,113.0996,113.0996,113.0996,2022-03-29
Bond Fund,177414704625.33,1569128669.32,113.0657,113.0657,113.0657,2022-03-28
Bond Fund,176253159300.81,1560258197.86,112.9641,112.9641,112.9641,2022-03-25
Bond Fund,175041994570.7,1550011680.7,112.9295,112.9295,112.9295,2022-03-24
Bond Fund,173928276089.75,1546987324.58,112.4303,112.4303,112.4303,2022-03-23
Bond Fund,173328018663.94,1542131718.25,112.3951,112.3951,112.3951,2022-03-22
Bond Fund,178061943729.19,1584808100.64,112.3555,112.3555,112.3555,2022-03-21
Bond Fund,176870760205.36,1575644378.4,112.253,112.253,112.253,2022-03-18
Bond Fund,175799020597.43,1566577635.69,112.2185,112.2185,112.2185,2022-03-17
Bond Fund,175287340363.53,1562483372.74,112.1851,112.1851,112.1851,2022-03-16
Bond Fund,174813717030.64,1558727044.2,112.1516,112.1516,112.1516,2022-03-15
Bond Fund,173693514032.09,1549200834.88,112.1181,112.1181,112.1181,2022-03-14
Bond Fund,171933256119.72,1534878000.27,112.0175,112.0175,112.0175,2022-03-11
Bond Fund,177972964458.18,1595079762.07,111.5762,111.5762,111.5762,2022-03-10
Bond Fund,178053008675.59,1596283864.23,111.5422,111.5422,111.5422,2022-03-09
Bond Fund,176645071558.16,1584132169.68,111.509,111.509,111.509,2022-03-08
Bond Fund,175846579097.16,1577445302.04,111.4755,111.4755,111.4755,2022-03-07
Bond Fund,175335796600.57,1574288288.81,111.3746,111.3746,111.3746,2022-03-04
Bond Fund,174582924909.67,1567976674.12,111.3428,111.3428,111.3428,2022-03-03
Bond Fund,173439236560.68,1558191947.75,111.308,111.308,111.308,2022-03-02
Bond Fund,171784903420.93,1543807721.11,111.2735,111.2735,111.2735,2022-03-01
Bond Fund,171852300596.62,1532373203.71,112.1478,112.1478,112.1478,2022-02-28
Bond Fund,170937351736.19,1525616364.33,112.0448,112.0448,112.0448,2022-02-25
Bond Fund,170087273265.29,1518489614.36,112.0108,112.0108,112.0108,2022-02-24
Bond Fund,168825473599.49,1513745045.96,111.5283,111.5283,111.5283,2022-02-23
Bond Fund,168096168502.17,1507674609.47,111.4937,111.4937,111.4937,2022-02-22
Bond Fund,167055656046.1,1498816978.72,111.4583,111.4583,111.4583,2022-02-21
Bond Fund,166149524243.41,1492091859.9,111.3534,111.3534,111.3534,2022-02-18
Bond Fund,165643769014.78,1488002012.38,111.3196,111.3196,111.3196,2022-02-17
Bond Fund,165233836240.89,1484773361.04,111.2856,111.2856,111.2856,2022-02-16
Bond Fund,163037836577.85,1465485394.3,111.2518,111.2518,111.2518,2022-02-15
Bond Fund,162540522532.74,1461469271.16,111.2172,111.2172,111.2172,2022-02-14
Bond Fund,162097579715.14,1458803390.96,111.1168,111.1168,111.1168,2022-02-11
Bond Fund,161316285698.04,1452219393.77,111.0826,111.0826,111.0826,2022-02-10
Bond Fund,160792011964.23,1447948241.26,111.0482,111.0482,111.0482,2022-02-09
Bond Fund,160032513667.41,1441555612.3,111.0138,111.0138,111.0138,2022-02-08
Bond Fund,159929982589.42,1441085944.07,110.9788,110.9788,110.9788,2022-02-07
Bond Fund,158602729058.43,1430461414.51,110.8752,110.8752,110.8752,2022-02-04
Bond Fund,157188289489.25,1418148251.5,110.8405,110.8405,110.8405,2022-02-03
Bond Fund,155226642246.72,1400880124.71,110.8065,110.8065,110.8065,2022-02-02
Bond Fund,154190538700.27,1391968318.64,110.7716,110.7716,110.7716,2022-02-01
Bond Fund,154855340260.31,1385937722.76,111.7333,111.7333,111.7333,2022-01-31
Bond Fund,153963702102.29,1379257318.38,111.628,111.628,111.628,2022-01-28
Bond Fund,153275053618.55,1373519888.47,111.5929,111.5929,111.5929,2022-01-27
Bond Fund,152590775408.63,1367824370.45,111.5573,111.5573,111.5573,2022-01-26
Bond Fund,152134156185.06,1364163234.71,111.522,111.522,111.522,2022-01-25
Bond Fund,152057701699.28,1363919930.33,111.4858,111.4858,111.4858,2022-01-24
Bond Fund,151489038426.64,1360095712.46,111.3812,111.3812,111.3812,2022-01-21
Bond Fund,151067947592.59,1356730637.18,111.347,111.347,111.347,2022-01-20
Bond Fund,150848810126.71,1355178454.31,111.3129,111.3129,111.3129,2022-01-19
Bond Fund,150409428879.72,1351647656.13,111.2786,111.2786,111.2786,2022-01-18
Bond Fund,149831015954.95,1346864807.35,111.2443,111.2443,111.2443,2022-01-17
Bond Fund,149649585542.76,1346488498.88,111.1406,111.1406,111.1406,2022-01-14
Bond Fund,149601005691.8,1346469290.18,111.1061,111.1061,111.1061,2022-01-13
Bond Fund,149200053679.85,1343694586.5,111.0372,111.0372,111.0372,2022-01-11
Bond Fund,148631092024.27,1338987582.79,111.0026,111.0026,111.0026,2022-01-10
Bond Fund,148102035340.19,1335474210.19,110.8985,110.8985,110.8985,2022-01-07
Bond Fund,147145748333.16,1327290828.67,110.8617,110.8617,110.8617,2022-01-06
Bond Fund,146833461544.38,1324890312.92,110.8269,110.8269,110.8269,2022-01-05
Bond Fund,146564851844.7,1322894355.04,110.791,110.791,110.791,2022-01-04
Bond Fund,145735440195.62,1315813218.14,110.7569,110.7569,110.7569,2022-01-03
Bond Fund,146666585741.98,1313604650.75,111.652,111.652,111.652,2021-12-31
Bond Fund,146278660420.85,1310535662.81,111.6175,111.6175,111.6175,2021-12-30
Bond Fund,146076733462.7,1309148255.21,111.5815,111.5815,111.5815,2021-12-29
Bond Fund,145762918637.35,1306740448.81,111.547,111.547,111.547,2021-12-28
Bond Fund,144812477653.44,1303117766.23,111.1277,111.1277,111.1277,2021-12-27
Bond Fund,143881787952.81,1295997069.86,111.0201,111.0201,111.0201,2021-12-24
Bond Fund,143529168428.11,1293239554.56,110.9842,110.9842,110.9842,2021-12-23
Bond Fund,142833972597.71,1287393613.08,110.9482,110.9482,110.9482,2021-12-22
Bond Fund,142098074969.79,1281177820.66,110.9121,110.9121,110.9121,2021-12-21
Bond Fund,142010290973.5,1280777807.32,110.8782,110.8782,110.8782,2021-12-20
Bond Fund,141330038552.84,1275841236.47,110.774,110.774,110.774,2021-12-17
Bond Fund,141066824756.67,1273871432.77,110.7387,110.7387,110.7387,2021-12-16
Bond Fund,140890021814.87,1272686167.52,110.7029,110.7029,110.7029,2021-12-15
Bond Fund,139461859560.24,1260168948.52,110.6692,110.6692,110.6692,2021-12-14
Bond Fund,139095448003.56,1257255259.79,110.6342,110.6342,110.6342,2021-12-13
Bond Fund,138548398934.57,1253499840.99,110.5293,110.5293,110.5293,2021-12-10
Bond Fund,137427791276.2,1246409251.4,110.259,110.259,110.259,2021-12-08
Bond Fund,137204746049.82,1244792317.15,110.223,110.223,110.223,2021-12-07
Bond Fund,136526349706.86,1239030537.48,110.188,110.188,110.188,2021-12-06
Bond Fund,135562013753.85,1231460921.91,110.0823,110.0823,110.0823,2021-12-03
Bond Fund,134583479020.0,1222978143.84,110.0457,110.0457,110.0457,2021-12-02
Bond Fund,134212606679.8,1219989684.93,110.0113,110.0113,110.0113,2021-12-01
Bond Fund,135371092355.28,1219824662.54,110.9759,110.9759,110.9759,2021-11-30
Bond Fund,134304669796.66,1210604559.51,110.9402,110.9402,110.9402,2021-11-29
Bond Fund,133666969697.74,1206030163.08,110.8322,110.8322,110.8322,2021-11-26
Bond Fund,133225327413.65,1202425658.09,110.7971,110.7971,110.7971,2021-11-25
Bond Fund,132959167917.45,1200408038.7,110.7616,110.7616,110.7616,2021-11-24
Bond Fund,132518912333.25,1196805057.36,110.7272,110.7272,110.7272,2021-11-23
Bond Fund,131815505442.89,1190828232.13,110.6923,110.6923,110.6923,2021-11-22
Bond Fund,131557106778.3,1189647806.67,110.5849,110.5849,110.5849,2021-11-19
Bond Fund,131318592286.78,1187889443.21,110.5478,110.5478,110.5478,2021-11-18
Bond Fund,131162839219.39,1186855662.05,110.5129,110.5129,110.5129,2021-11-17
Bond Fund,130708663481.4,1183117623.18,110.4782,110.4782,110.4782,2021-11-16
Bond Fund,130023287888.63,1177285037.59,110.4433,110.4433,110.4433,2021-11-15
Bond Fund,129597201449.43,1174545244.1,110.3382,110.3382,110.3382,2021-11-12
Bond Fund,129540035593.52,1174398140.46,110.3033,110.3033,110.3033,2021-11-11
Bond Fund,129155223006.77,1171281510.43,110.2683,110.2683,110.2683,2021-11-10
Bond Fund,124862857792.08,1132709763.91,110.2338,110.2338,110.2338,2021-11-09
Bond Fund,123995686395.96,1125208701.43,110.1979,110.1979,110.1979,2021-11-08
Bond Fund,123445920185.74,1121257415.53,110.096,110.096,110.096,2021-11-05
Bond Fund,123555895830.85,1122627174.2,110.0596,110.0596,110.0596,2021-11-04
Bond Fund,123290428439.87,1120583291.99,110.0234,110.0234,110.0234,2021-11-03
Bond Fund,122349241872.77,1112402144.84,109.9865,109.9865,109.9865,2021-11-02
Bond Fund,121954194156.57,1109167785.23,109.9511,109.9511,109.9511,2021-11-01
Bond Fund,122570154006.78,1105814968.82,110.8415,110.8415,110.8415,2021-10-29
Bond Fund,122317992205.19,1103902935.28,110.805,110.805,110.805,2021-10-28
Bond Fund,121757488684.82,1099200324.26,110.7692,110.7692,110.7692,2021-10-27
Bond Fund,121399467356.45,1096328843.27,110.7327,110.7327,110.7327,2021-10-26
Bond Fund,121022380971.55,1093279295.79,110.6967,110.6967,110.6967,2021-10-25
Bond Fund,120653848482.2,1091018622.54,110.5883,110.5883,110.5883,2021-10-22
Bond Fund,120122294493.67,1086591457.25,110.5496,110.5496,110.5496,2021-10-21
Bond Fund,119393692105.59,1080352381.79,110.5137,110.5137,110.5137,2021-10-20
Bond Fund,118757852516.22,1075302514.81,110.4413,110.4413,110.4413,2021-10-18
Bond Fund,118221808226.32,1071508307.32,110.3321,110.3321,110.3321,2021-10-15
Bond Fund,117963681251.19,1069878291.86,110.259,110.259,110.259,2021-10-13
Bond Fund,117561328779.46,1066582460.2,110.2224,110.2224,110.2224,2021-10-12
Bond Fund,117411334047.62,1065547911.97,110.1887,110.1887,110.1887,2021-10-11
Bond Fund,116760078342.57,1060614640.89,110.0872,110.0872,110.0872,2021-10-08
Bond Fund,116315115802.57,1057229321.32,110.0188,110.0188,110.0188,2021-10-06
Bond Fund,115868913890.11,1053499606.15,109.9848,109.9848,109.9848,2021-10-05
Bond Fund,114772208544.68,1043845892.45,109.9513,109.9513,109.9513,2021-10-04
Bond Fund,114321562651.29,1040729099.3,109.8476,109.8476,109.8476,2021-10-01
Bond Fund,115462795117.29,1041971088.32,110.8119,110.8119,110.8119,2021-09-30
Bond Fund,115258980715.5,1040455839.98,110.7774,110.7774,110.7774,2021-09-29
Bond Fund,114941094462.72,1037909269.63,110.7429,110.7429,110.7429,2021-09-28
Bond Fund,113515428285.91,1032281298.14,109.9656,109.9656,109.9656,2021-09-27
Bond Fund,113043353521.81,1028997724.87,109.8577,109.8577,109.8577,2021-09-24
Bond Fund,113347378677.33,1032114092.57,109.8206,109.8206,109.8206,2021-09-23
Bond Fund,113219872519.11,1030952584.44,109.7839,109.7839,109.7839,2021-09-22
Bond Fund,113011357248.77,1029732769.06,109.7482,109.7482,109.7482,2021-09-21
Bond Fund,112615501473.3,1026459779.39,109.7125,109.7125,109.7125,2021-09-20
Bond Fund,112151597011.36,1023233293.76,109.6051,109.6051,109.6051,2021-09-17
Bond Fund,112094727276.52,1023051824.52,109.569,109.569,109.569,2021-09-16
Bond Fund,111502484649.47,1017977303.78,109.5334,109.5334,109.5334,2021-09-15
Bond Fund,111118137255.22,1014799700.62,109.4976,109.4976,109.4976,2021-09-14
Bond Fund,110513541917.17,1009608243.43,109.4618,109.4618,109.4618,2021-09-13
Bond Fund,109874364504.88,1004759201.19,109.3539,109.3539,109.3539,2021-09-10
Bond Fund,108872476175.31,995924895.19,109.318,109.318,109.318,2021-09-09
Bond Fund,108507400390.07,992915865.42,109.2816,109.2816,109.2816,2021-09-08
Bond Fund,108397833663.93,992245861.79,109.2449,109.2449,109.2449,2021-09-07
Bond Fund,107745806761.67,986606842.23,109.2085,109.2085,109.2085,2021-09-06
Bond Fund,107502757682.43,985374626.4,109.0984,109.0984,109.0984,2021-09-03
Bond Fund,106525453444.48,976743292.96,109.0619,109.0619,109.0619,2021-09-02
Bond Fund,106166091595.82,973778363.62,109.0249,109.0249,109.0249,2021-09-01
Bond Fund,106905645692.71,971980115.74,109.9875,109.9875,109.9875,2021-08-31
Bond Fund,106642289598.83,969926316.49,109.9489,109.9489,109.9489,2021-08-30
Bond Fund,106365849377.41,968393838.0,109.8374,109.8374,109.8374,2021-08-27
Bond Fund,106168196594.98,966921773.96,109.8002,109.8002,109.8002,2021-08-26
Bond Fund,106002228500.2,965736770.2,109.7631,109.7631,109.7631,2021-08-25
Bond Fund,105656280539.38,962909371.54,109.7261,109.7261,109.7261,2021-08-24
Bond Fund,105023241259.74,957463196.86,109.6891,109.6891,109.6891,2021-08-23
Bond Fund,104775039110.99,956174388.25,109.5773,109.5773,109.5773,2021-08-20
Bond Fund,104380822434.8,952900942.13,109.5401,109.5401,109.5401,2021-08-19
Bond Fund,104454456450.03,953899736.64,109.5026,109.5026,109.5026,2021-08-18
Bond Fund,104149697705.5,951440900.44,109.4652,109.4652,109.4652,2021-08-17
Bond Fund,103795398607.95,948521794.38,109.4286,109.4286,109.4286,2021-08-16
Bond Fund,103441299113.9,946256742.26,109.3163,109.3163,109.3163,2021-08-13
Bond Fund,103377009379.15,945971108.29,109.2814,109.2814,109.2814,2021-08-12
Bond Fund,102836553669.59,941373287.98,109.241,109.241,109.241,2021-08-11
Bond Fund,102083334868.2,934792197.33,109.2043,109.2043,109.2043,2021-08-10
Bond Fund,109874364504.88,1004759201.19,109.3539,109.3539,109.3539,2021-08-10
Bond Fund,101688149795.86,931480105.35,109.1684,109.1684,109.1684,2021-08-09
Bond Fund,100792641459.85,924193048.95,109.0602,109.0602,109.0602,2021-08-06
Bond Fund,100512730072.11,921934567.03,109.0237,109.0237,109.0237,2021-08-05
Bond Fund,100287847952.7,920179340.85,108.9873,108.9873,108.9873,2021-08-04
Bond Fund,99489035196.91,913151394.31,108.9513,108.9513,108.9513,2021-08-03
Bond Fund,98613869375.55,905388907.53,108.9188,108.9188,108.9188,2021-08-02
Bond Fund,99521640563.48,906350185.52,109.8048,109.8048,109.8048,2021-07-30
Bond Fund,99358514290.6,905167357.36,109.7681,109.7681,109.7681,2021-07-29
Bond Fund,99096060580.38,903122764.46,109.726,109.726,109.726,2021-07-28
Bond Fund,98718766806.06,899986310.21,109.6892,109.6892,109.6892,2021-07-27
Bond Fund,98859563669.09,901577504.83,109.6518,109.6518,109.6518,2021-07-26
Bond Fund,98640783907.18,900490983.88,109.5411,109.5411,109.5411,2021-07-23
Bond Fund,98321428329.27,897878152.39,109.5042,109.5042,109.5042,2021-07-22
Bond Fund,97893052177.76,894573530.09,109.4299,109.4299,109.4299,2021-07-20
Bond Fund,97211004633.99,888641638.25,109.3928,109.3928,109.3928,2021-07-19
Bond Fund,96783850957.63,885641596.4,109.2811,109.2811,109.2811,2021-07-16
Bond Fund,96190039728.9,880501369.33,109.2446,109.2446,109.2446,2021-07-15
Bond Fund,95887646944.82,878028318.77,109.2079,109.2079,109.2079,2021-07-14
Bond Fund,95605258425.48,875737504.17,109.1711,109.1711,109.1711,2021-07-13
Bond Fund,95469846022.22,874795367.1,109.1339,109.1339,109.1339,2021-07-12
Bond Fund,95031370875.34,871674041.31,109.0217,109.0217,109.0217,2021-07-09
Bond Fund,94465566286.0,866769487.25,108.9858,108.9858,108.9858,2021-07-08
Bond Fund,94274002729.39,865610386.35,108.9104,108.9104,108.9104,2021-07-06
Bond Fund,93751537799.74,861140694.41,108.869,108.869,108.869,2021-07-05
Bond Fund,93440429902.73,859136614.26,108.7609,108.7609,108.7609,2021-07-02
Bond Fund,93858205691.93,863266582.56,108.7245,108.7245,108.7245,2021-07-01
Bond Fund,94481972884.56,861357390.16,109.6896,109.6896,109.6896,2021-06-30
Bond Fund,94061804455.03,860619319.37,109.2955,109.2955,109.2955,2021-06-29
Bond Fund,93698282460.69,857571394.57,109.26,109.26,109.26,2021-06-28
Bond Fund,92983423952.42,854332752.91,108.8375,108.8375,108.8375,2021-06-25
Bond Fund,92665433431.69,851702381.95,108.8003,108.8003,108.8003,2021-06-24
Bond Fund,92540767986.35,850831154.36,108.7651,108.7651,108.7651,2021-06-23
Bond Fund,92256760004.94,848505811.51,108.7285,108.7285,108.7285,2021-06-22
Bond Fund,92055693260.31,846942691.75,108.6918,108.6918,108.6918,2021-06-21
Bond Fund,91804872288.4,845495833.59,108.5811,108.5811,108.5811,2021-06-18
Bond Fund,91227525776.32,840478311.37,108.5424,108.5424,108.5424,2021-06-17
Bond Fund,90865116238.02,837417462.86,108.5064,108.5064,108.5064,2021-06-16
Bond Fund,90800646059.27,837098623.01,108.4707,108.4707,108.4707,2021-06-15
Bond Fund,89465092689.95,825054999.54,108.4353,108.4353,108.4353,2021-06-14
Bond Fund,88873574104.37,820413667.02,108.3278,108.3278,108.3278,2021-06-11
Bond Fund,88641043113.43,818539643.84,108.2917,108.2917,108.2917,2021-06-10
Bond Fund,88686890138.29,819237468.66,108.2554,108.2554,108.2554,2021-06-09
Bond Fund,88413794932.3,816981117.22,108.2201,108.2201,108.2201,2021-06-08
Bond Fund,88143432062.11,814748880.37,108.1848,108.1848,108.1848,2021-06-07
Bond Fund,87643583426.77,810922105.95,108.0789,108.0789,108.0789,2021-06-04
Bond Fund,86214368457.21,797957310.49,108.0438,108.0438,108.0438,2021-06-03
Bond Fund,85436751242.74,791011550.45,108.0095,108.0095,108.0095,2021-06-02
Bond Fund,85017503433.55,787389744.52,107.9739,107.9739,107.9739,2021-06-01
Bond Fund,85381477863.54,783755731.45,108.9389,108.9389,108.9389,2021-05-31
Bond Fund,85147789846.74,782373880.79,108.8326,108.8326,108.8326,2021-05-28
Bond Fund,84476673454.08,778761301.2,108.4757,108.4757,108.4757,2021-05-27
Bond Fund,84405119625.25,778370336.03,108.4383,108.4383,108.4383,2021-05-26
Bond Fund,84253737246.49,777240840.98,108.4011,108.4011,108.4011,2021-05-25
Bond Fund,83883729073.26,774086822.56,108.3648,108.3648,108.3648,2021-05-24
Bond Fund,83721926327.9,773368521.9,108.2562,108.2562,108.2562,2021-05-21
Bond Fund,83322694044.21,769937653.4,108.2201,108.2201,108.2201,2021-05-20
Bond Fund,83085811730.95,768035190.74,108.1797,108.1797,108.1797,2021-05-19
Bond Fund,83210006573.82,769445449.53,108.1428,108.1428,108.1428,2021-05-18
Bond Fund,83084796478.38,768546953.47,108.1063,108.1063,108.1063,2021-05-17
Bond Fund,82527674162.9,764421010.87,107.961,107.961,107.961,2021-05-13
Bond Fund,82170636489.5,761370852.46,107.9246,107.9246,107.9246,2021-05-12
Bond Fund,82314753992.31,762964848.86,107.888,107.888,107.888,2021-05-11
Bond Fund,82007480886.59,760373510.39,107.8516,107.8516,107.8516,2021-05-10
Bond Fund,81641806691.45,757792784.4,107.7363,107.7363,107.7363,2021-05-07
Bond Fund,81466289214.22,756385084.83,107.7048,107.7048,107.7048,2021-05-06
Bond Fund,81248294857.24,754667703.16,107.661,107.661,107.661,2021-05-05
Bond Fund,80706300036.5,749943092.11,107.6166,107.6166,107.6166,2021-05-04
Bond Fund,80875854305.64,751723679.88,107.5872,107.5872,107.5872,2021-05-03
Bond Fund,81433002701.69,750665953.54,108.481,108.481,108.481,2021-04-30
Bond Fund,81330726022.62,749969144.95,108.4454,108.4454,108.4454,2021-04-29
Bond Fund,81158342041.55,748626837.54,108.4096,108.4096,108.4096,2021-04-28
Bond Fund,80852712650.03,746056941.34,108.3734,108.3734,108.3734,2021-04-27
Bond Fund,79882937232.3,738059226.9,108.2338,108.2338,108.2338,2021-04-23
Bond Fund,79746486894.85,737007707.77,108.2031,108.2031,108.2031,2021-04-22
Bond Fund,79638843058.35,736267437.94,108.1656,108.1656,108.1656,2021-04-21
Bond Fund,79359857246.95,733927263.76,108.1304,108.1304,108.1304,2021-04-20
Bond Fund,78051059824.28,722057861.7,108.0953,108.0953,108.0953,2021-04-19
Bond Fund,78138298840.45,723579218.52,107.9886,107.9886,107.9886,2021-04-16
Bond Fund,77996525976.13,722503566.23,107.9531,107.9531,107.9531,2021-04-15
Bond Fund,77576740740.32,718852026.68,107.9175,107.9175,107.9175,2021-04-14
Bond Fund,78098598621.84,723937086.14,107.8804,107.8804,107.8804,2021-04-13
Bond Fund,77829589516.97,721681037.74,107.8449,107.8449,107.8449,2021-04-12
Bond Fund,77616817432.24,720418493.76,107.7385,107.7385,107.7385,2021-04-09
Bond Fund,76908469581.49,714070750.23,107.7043,107.7043,107.7043,2021-04-08
Bond Fund,76674662460.45,712373696.74,107.6326,107.6326,107.6326,2021-04-06
Bond Fund,76015177836.37,707423955.25,107.4535,107.4535,107.4535,2021-04-01
Bond Fund,76622759236.61,706739109.2,108.4173,108.4173,108.4173,2021-03-31
Bond Fund,76471883479.21,705581872.3,108.3813,108.3813,108.3813,2021-03-30
Bond Fund,75835906808.66,699946228.41,108.3453,108.3453,108.3453,2021-03-29
Bond Fund,75421167533.54,697055242.72,108.1997,108.1997,108.1997,2021-03-25
Bond Fund,75398755408.61,697094304.15,108.1615,108.1615,108.1615,2021-03-24
Bond Fund,75113890648.47,694693657.3,108.1252,108.1252,108.1252,2021-03-23
Bond Fund,74817328228.93,692883538.86,107.9797,107.9797,107.9797,2021-03-19
Bond Fund,74625910550.95,691344104.34,107.9432,107.9432,107.9432,2021-03-18
Bond Fund,74446411176.45,689914331.74,107.9067,107.9067,107.9067,2021-03-17
Bond Fund,74216981865.13,688020905.56,107.8702,107.8702,107.8702,2021-03-16
Bond Fund,74052408997.84,686728459.48,107.8336,107.8336,107.8336,2021-03-15
Bond Fund,73740671308.6,684535042.44,107.7237,107.7237,107.7237,2021-03-12
Bond Fund,73619522977.68,683643389.53,107.687,107.687,107.687,2021-03-11
Bond Fund,73707370490.35,684693796.8,107.6501,107.6501,107.6501,2021-03-10
Bond Fund,73598432777.22,683915151.38,107.6134,107.6134,107.6134,2021-03-09
Bond Fund,73465011003.13,682908963.09,107.5766,107.5766,107.5766,2021-03-08
Bond Fund,73205182509.69,681195153.13,107.4658,107.4658,107.4658,2021-03-05
Bond Fund,73252586227.44,681871180.86,107.4288,107.4288,107.4288,2021-03-04
Bond Fund,72968147432.13,679456750.54,107.3919,107.3919,107.3919,2021-03-03
Bond Fund,72034440796.8,670987474.09,107.3559,107.3559,107.3559,2021-03-02
Bond Fund,71408330788.75,665378724.26,107.3198,107.3198,107.3198,2021-03-01
Bond Fund,71726030690.93,662854449.88,108.2078,108.2078,108.2078,2021-02-26
Bond Fund,71646770364.06,662351642.48,108.1703,108.1703,108.1703,2021-02-25
Bond Fund,71493851914.01,661167812.35,108.1327,108.1327,108.1327,2021-02-24
Bond Fund,71296147620.57,659568462.72,108.0951,108.0951,108.0951,2021-02-23
Bond Fund,70807840071.76,655278849.58,108.0576,108.0576,108.0576,2021-02-22
Bond Fund,70495762085.7,653103444.24,107.9397,107.9397,107.9397,2021-02-19
Bond Fund,70090785798.2,649569736.28,107.9034,107.9034,107.9034,2021-02-18
Bond Fund,69928223002.35,648282251.41,107.8669,107.8669,107.8669,2021-02-17
Bond Fund,69792751696.39,647246042.72,107.8303,107.8303,107.8303,2021-02-16
Bond Fund,69826872302.82,647804383.71,107.7901,107.7901,107.7901,2021-02-15
Bond Fund,69752796123.09,647745054.35,107.6856,107.6856,107.6856,2021-02-12
Bond Fund,69716061491.1,647625018.4,107.6488,107.6488,107.6488,2021-02-11
Bond Fund,69537240091.4,646184615.52,107.612,107.612,107.612,2021-02-10
Bond Fund,69455757000.45,645648621.89,107.5752,107.5752,107.5752,2021-02-09
Bond Fund,68939963815.38,643305315.55,107.1652,107.1652,107.1652,2021-02-08
Bond Fund,68981819633.89,644374147.44,107.0524,107.0524,107.0524,2021-02-05
Bond Fund,68882713530.64,643674145.14,107.0149,107.0149,107.0149,2021-02-04
Bond Fund,68776466207.23,642907393.69,106.9773,106.9773,106.9773,2021-02-03
Bond Fund,67871571445.12,634667813.32,106.9403,106.9403,106.9403,2021-02-02
Bond Fund,67492267402.98,631348553.49,106.9018,106.9018,106.9018,2021-02-01
Bond Fund,67998225761.78,630841269.63,107.7898,107.7898,107.7898,2021-01-29
Bond Fund,67758273900.3,628839953.14,107.7512,107.7512,107.7512,2021-01-28
Bond Fund,67415528127.58,625875871.72,107.7139,107.7139,107.7139,2021-01-27
Bond Fund,67295342834.68,624976428.92,107.6766,107.6766,107.6766,2021-01-26
Bond Fund,66762263009.85,620240856.51,107.6393,107.6393,107.6393,2021-01-25
Bond Fund,66589829319.39,619284878.62,107.527,107.527,107.527,2021-01-22
Bond Fund,66596553339.26,619565095.42,107.4892,107.4892,107.4892,2021-01-21
Bond Fund,66384440532.69,617806704.79,107.4518,107.4518,107.4518,2021-01-20
Bond Fund,65952330170.92,614000786.16,107.4141,107.4141,107.4141,2021-01-19
Bond Fund,65538552694.55,610363019.12,107.3763,107.3763,107.3763,2021-01-18
Bond Fund,66412407607.92,619161119.96,107.2619,107.2619,107.2619,2021-01-15
Bond Fund,66048537976.21,615983562.06,107.2245,107.2245,107.2245,2021-01-14
Bond Fund,65946050835.36,615245873.11,107.1865,107.1865,107.1865,2021-01-13
Bond Fund,65671770518.34,613101938.55,107.114,107.114,107.114,2021-01-11
Bond Fund,65481527407.6,611960488.59,107.0029,107.0029,107.0029,2021-01-08
Bond Fund,64503109067.37,603018546.74,106.967,106.967,106.967,2021-01-07
Bond Fund,64117181438.38,599627590.96,106.9283,106.9283,106.9283,2021-01-06
Bond Fund,63911023600.17,597909691.44,106.8908,106.8908,106.8908,2021-01-05
Bond Fund,63496748480.56,594244339.94,106.8529,106.8529,106.8529,2021-01-04
Bond Fund,63929897105.88,593583339.69,107.7016,107.7016,107.7016,2020-12-31
Bond Fund,63728372890.07,591919777.94,107.6639,107.6639,107.6639,2020-12-30
Bond Fund,63280434691.16,587953532.53,107.6283,107.6283,107.6283,2020-12-29
Bond Fund,62945631708.95,585044927.55,107.5911,107.5911,107.5911,2020-12-28
Bond Fund,62868363679.49,585140655.82,107.4415,107.4415,107.4415,2020-12-24
Bond Fund,62699654939.41,583773367.42,107.4041,107.4041,107.4041,2020-12-23
Bond Fund,62576654840.3,582831426.05,107.3666,107.3666,107.3666,2020-12-22
Bond Fund,62302596843.68,580474918.48,107.3304,107.3304,107.3304,2020-12-21
Bond Fund,62302596843.68,580474918.48,107.3304,107.3304,107.3304,2020-12-20
Bond Fund,62199693831.2,580122559.2,107.2182,107.2182,107.2182,2020-12-18
Bond Fund,62059229623.87,579004257.64,107.1827,107.1827,107.1827,2020-12-16
Bond Fund,61449417201.4,573508688.24,107.1464,107.1464,107.1464,2020-12-15
Bond Fund,61073614857.63,570196908.5,107.1097,107.1097,107.1097,2020-12-14
Bond Fund,60938563451.07,569130561.31,107.0731,107.0731,107.0731,2020-12-13
Bond Fund,60547676415.47,566062953.35,106.9628,106.9628,106.9628,2020-12-10
Bond Fund,60335725196.42,564276201.97,106.9259,106.9259,106.9259,2020-12-09
Bond Fund,60124232098.83,562687924.92,106.8518,106.8518,106.8518,2020-12-07
Bond Fund,59887291213.47,560666271.56,106.8145,106.8145,106.8145,2020-12-06
Bond Fund,59855133214.26,560953783.73,106.7024,106.7024,106.7024,2020-12-03
Bond Fund,59474241651.79,557576699.76,106.6656,106.6656,106.6656,2020-12-02
Bond Fund,59087995870.31,554150283.28,106.6281,106.6281,106.6281,2020-12-01
Bond Fund,58821794080.75,551848772.61,106.5904,106.5904,106.5904,2020-11-30
Bond Fund,59245551262.99,550853654.61,107.5523,107.5523,107.5523,2020-11-29
Bond Fund,58785366559.31,547150743.19,107.4391,107.4391,107.4391,2020-11-26
Bond Fund,58641221504.25,546002380.51,107.401,107.401,107.401,2020-11-25
Bond Fund,58488493877.42,544773138.01,107.363,107.363,107.363,2020-11-24
Bond Fund,58379153847.58,543948445.11,107.3248,107.3248,107.3248,2020-11-23
Bond Fund,58109705718.82,541636034.83,107.2855,107.2855,107.2855,2020-11-22
Bond Fund,57984453838.96,541047573.64,107.1707,107.1707,107.1707,2020-11-19
Bond Fund,57799620773.07,539511955.45,107.1332,107.1332,107.1332,2020-11-18
Bond Fund,57622760474.11,538053049.48,107.0949,107.0949,107.0949,2020-11-17
Bond Fund,57733003392.95,539278530.06,107.056,107.056,107.056,2020-11-16
Bond Fund,57509320762.06,537381608.57,107.0177,107.0177,107.0177,2020-11-15
Bond Fund,57297183536.03,535965452.88,106.9046,106.9046,106.9046,2020-11-12
Bond Fund,57258356553.1,535791623.14,106.8668,106.8668,106.8668,2020-11-11
Bond Fund,57350830065.6,536847785.07,106.8288,106.8288,106.8288,2020-11-10
Bond Fund,56972297497.13,533492747.69,106.7911,106.7911,106.7911,2020-11-09
Bond Fund,56785221420.45,531928331.68,106.7535,106.7535,106.7535,2020-11-08
Bond Fund,56597727829.28,530692909.08,106.6487,106.6487,106.6487,2020-11-05
Bond Fund,56143346471.77,526619029.01,106.6109,106.6109,106.6109,2020-11-04
Bond Fund,56006401913.16,525508829.31,106.5756,106.5756,106.5756,2020-11-03
Bond Fund,55582234842.99,521704818.45,106.5396,106.5396,106.5396,2020-11-02
Bond Fund,55462443705.94,520756532.3,106.5036,106.5036,106.5036,2020-11-01
Bond Fund,56071038003.14,522122798.4,107.3905,107.3905,107.3905,2020-10-29
Bond Fund,55167193635.02,521668844.64,105.7514,105.7514,105.7514,2020-10-26
Bond Fund,54813786914.28,518511236.48,105.7138,105.7138,105.7138,2020-10-25
Bond Fund,54688834542.58,517884927.53,105.6004,105.6004,105.6004,2020-10-22
Bond Fund,54385885130.36,515014870.23,105.5633,105.5633,105.5633,2020-10-21
Bond Fund,54113198106.42,512806582.15,105.5236,105.5236,105.5236,2020-10-20
Bond Fund,53946743617.36,511409699.59,105.4864,105.4864,105.4864,2020-10-19
Bond Fund,53881890194.92,510977475.56,105.4487,105.4487,105.4487,2020-10-18
Bond Fund,53763145134.48,510393641.76,105.3366,105.3366,105.3366,2020-10-15
Bond Fund,53628318730.0,509294705.73,105.2992,105.2992,105.2992,2020-10-14
Bond Fund,53570597873.35,509109471.92,105.2241,105.2241,105.2241,2020-10-12
Bond Fund,53304995154.61,506765879.35,105.1866,105.1866,105.1866,2020-10-11
Bond Fund,53266827171.78,506946859.09,105.0738,105.0738,105.0738,2020-10-08
Bond Fund,53140416749.78,505924742.16,105.0362,105.0362,105.0362,2020-10-07
Bond Fund,52983109312.57,504603189.5,104.9996,104.9996,104.9996,2020-10-06
Bond Fund,52767584758.26,502726707.85,104.9628,104.9628,104.9628,2020-10-05
Bond Fund,52635877396.8,501648516.06,104.9258,104.9258,104.9258,2020-10-04
Bond Fund,52596113774.77,501800879.19,104.8147,104.8147,104.8147,2020-10-01
Bond Fund,51951932017.9,495828125.22,104.7781,104.7781,104.7781,2020-09-30
Bond Fund,52323770330.72,494812951.49,105.7445,105.7445,105.7445,2020-09-29
Bond Fund,52121122826.67,493071781.54,105.707,105.707,105.707,2020-09-28
Bond Fund,51923963893.74,491381826.79,105.6693,105.6693,105.6693,2020-09-27
Bond Fund,51853568966.58,491227309.39,105.5592,105.5592,105.5592,2020-09-24
Bond Fund,51636589895.02,489355016.45,105.5197,105.5197,105.5197,2020-09-23
Bond Fund,51650954025.36,489662335.86,105.4828,105.4828,105.4828,2020-09-22
Bond Fund,51262135857.15,486145509.61,105.4461,105.4461,105.4461,2020-09-21
Bond Fund,51171920210.77,485461205.44,105.4089,105.4089,105.4089,2020-09-20
Bond Fund,51074285380.09,485046477.25,105.2977,105.2977,105.2977,2020-09-17
Bond Fund,51020468238.46,484706160.12,105.2606,105.2606,105.2606,2020-09-16
Bond Fund,50936774278.32,484081627.32,105.2235,105.2235,105.2235,2020-09-15
Bond Fund,50922902235.59,484121026.22,105.1863,105.1863,105.1863,2020-09-14
Bond Fund,50610805399.97,481323969.81,105.1491,105.1491,105.1491,2020-09-13
Bond Fund,50388223733.31,479717022.07,105.0374,105.0374,105.0374,2020-09-10
Bond Fund,50316520791.57,479201927.68,105.0007,105.0007,105.0007,2020-09-09
Bond Fund,50240097026.11,478473771.74,104.9639,104.9639,104.9639,2020-09-08
Bond Fund,50087508011.31,477355244.26,104.9271,104.9271,104.9271,2020-09-07
Bond Fund,50035336906.47,477020202.07,104.8914,104.8914,104.8914,2020-09-06
Bond Fund,49875103566.43,475994595.25,104.7808,104.7808,104.7808,2020-09-03
Bond Fund,49596016041.46,473497575.3,104.744,104.744,104.744,2020-09-02
Bond Fund,49211583622.94,469994568.7,104.7067,104.7067,104.7067,2020-09-01
Bond Fund,49161392335.12,469680541.58,104.6699,104.6699,104.6699,2020-08-31
Bond Fund,49224401354.15,465974190.81,105.6376,105.6376,105.6376,2020-08-30
Bond Fund,48929605249.45,463682224.97,105.524,105.524,105.524,2020-08-27
Bond Fund,48804428188.31,462659395.72,105.4867,105.4867,105.4867,2020-08-26
Bond Fund,48725502052.4,462074688.95,105.4494,105.4494,105.4494,2020-08-25
Bond Fund,48306448781.59,458262274.44,105.4122,105.4122,105.4122,2020-08-24
Bond Fund,48083740176.63,456312204.46,105.3747,105.3747,105.3747,2020-08-23
Bond Fund,47692909149.24,453083056.18,105.2631,105.2631,105.2631,2020-08-20
Bond Fund,47454189461.63,450978299.71,105.225,105.225,105.225,2020-08-19
Bond Fund,47225432063.46,449128877.51,105.149,105.149,105.149,2020-08-18
Bond Fund,47257032145.9,449267157.47,105.1869,105.1869,105.1869,2020-08-18
Bond Fund,47054017198.68,447645490.72,105.1145,105.1145,105.1145,2020-08-17
Bond Fund,46570239319.55,443517683.09,105.002,105.002,105.002,2020-08-13
Bond Fund,46146102534.39,439606997.49,104.9713,104.9713,104.9713,2020-08-12
Bond Fund,45883283954.75,437268462.89,104.9316,104.9316,104.9316,2020-08-11
Bond Fund,45764661582.98,436293458.15,104.8942,104.8942,104.8942,2020-08-10
Bond Fund,45652256284.17,435371959.23,104.8581,104.8581,104.8581,2020-08-09
Bond Fund,45196811515.85,431475345.61,104.7495,104.7495,104.7495,2020-08-06
Bond Fund,44682879562.18,426716919.74,104.7132,104.7132,104.7132,2020-08-05
Bond Fund,43591278749.91,416436179.94,104.677,104.677,104.677,2020-08-04
Bond Fund,42966862693.16,410615906.87,104.64,104.64,104.64,2020-08-03
Bond Fund,42900999379.22,410084433.41,104.615,104.615,104.615,2020-08-02
Bond Fund,43153850031.82,409186389.93,105.4626,105.4626,105.4626,2020-07-29
Bond Fund,42540514551.17,403512632.72,105.4255,105.4255,105.4255,2020-07-28
Bond Fund,42503610345.72,403306310.59,105.3879,105.3879,105.3879,2020-07-27
Bond Fund,42459211074.58,403028997.67,105.3503,105.3503,105.3503,2020-07-26
Bond Fund,42194701060.18,400947156.81,105.2376,105.2376,105.2376,2020-07-23
Bond Fund,42114337239.28,400327079.59,105.1998,105.1998,105.1998,2020-07-22
Bond Fund,41932404051.86,398740598.52,105.1621,105.1621,105.1621,2020-07-21
Bond Fund,41785198882.78,397474505.44,105.1267,105.1267,105.1267,2020-07-20
Bond Fund,41794142558.75,397702765.54,105.0889,105.0889,105.0889,2020-07-19
Bond Fund,41636046577.86,396629839.32,104.9746,104.9746,104.9746,2020-07-16
Bond Fund,41596073196.75,396392185.1,104.9367,104.9367,104.9367,2020-07-15
Bond Fund,41439923868.51,395046846.54,104.8988,104.8988,104.8988,2020-07-14
Bond Fund,41121111199.05,392149198.05,104.8609,104.8609,104.8609,2020-07-13
Bond Fund,40850750989.13,389712045.84,104.8229,104.8229,104.8229,2020-07-12
Bond Fund,40753535050.68,389211972.98,104.7078,104.7078,104.7078,2020-07-09
Bond Fund,40685078267.99,388700338.05,104.6695,104.6695,104.6695,2020-07-08
Bond Fund,40648637392.76,388495522.84,104.6309,104.6309,104.6309,2020-07-07
Bond Fund,40367744687.19,386075228.45,104.5593,104.5593,104.5593,2020-07-05
Bond Fund,40184816026.35,384755419.88,104.4425,104.4425,104.4425,2020-07-02
Bond Fund,40005307191.58,383180772.27,104.4032,104.4032,104.4032,2020-07-01
Bond Fund,39871996926.82,382042555.12,104.3653,104.3653,104.3653,2020-06-30
Bond Fund,40139412652.42,381095640.7,105.3263,105.3263,105.3263,2020-06-29
Bond Fund,39945149257.55,379391294.93,105.2875,105.2875,105.2875,2020-06-28
Bond Fund,39524284017.57,375809393.81,105.1711,105.1711,105.1711,2020-06-25
Bond Fund,39375477276.61,374531087.7,105.1327,105.1327,105.1327,2020-06-24
Bond Fund,39417959451.2,375074275.44,105.0937,105.0937,105.0937,2020-06-23
Bond Fund,39315538186.84,374236784.74,105.0552,105.0552,105.0552,2020-06-22
Bond Fund,39154224552.73,372837950.28,105.0167,105.0167,105.0167,2020-06-21
Bond Fund,38973832053.55,371530021.83,104.9009,104.9009,104.9009,2020-06-18
Bond Fund,38870156896.99,370681407.51,104.8614,104.8614,104.8614,2020-06-17
Bond Fund,38768549341.17,369849011.23,104.8226,104.8226,104.8226,2020-06-16
Bond Fund,38706627419.54,369394015.4,104.7841,104.7841,104.7841,2020-06-15
Bond Fund,38656110328.16,369048628.08,104.7453,104.7453,104.7453,2020-06-14
Bond Fund,38487133637.41,367844036.49,104.6289,104.6289,104.6289,2020-06-11
Bond Fund,38486549836.03,367975759.36,104.5899,104.5899,104.5899,2020-06-10
Bond Fund,38460714543.19,367865173.4,104.5511,104.5511,104.5511,2020-06-09
Bond Fund,38217157132.94,365670779.46,104.5125,104.5125,104.5125,2020-06-08
Bond Fund,37974861601.08,363488120.7,104.4735,104.4735,104.4735,2020-06-07
Bond Fund,37941514867.05,363606863.22,104.3476,104.3476,104.3476,2020-06-04
Bond Fund,37831324972.1,362697795.74,104.3054,104.3054,104.3054,2020-06-03
Bond Fund,37578288212.62,360415949.74,104.2637,104.2637,104.2637,2020-06-02
Bond Fund,37433869311.56,359166889.32,104.2242,104.2242,104.2242,2020-06-01
Bond Fund,37265149753.32,357692214.31,104.1822,104.1822,104.1822,2020-05-31
Bond Fund,37355063999.28,355575954.09,105.0551,105.0551,105.0551,2020-05-28
Bond Fund,37342278355.53,355597470.51,105.0128,105.0128,105.0128,2020-05-27
Bond Fund,37249050541.59,354857756.37,104.969,104.969,104.969,2020-05-26
Bond Fund,36976077590.42,352399442.3,104.9266,104.9266,104.9266,2020-05-25
Bond Fund,36830517214.95,351573533.38,104.7591,104.7591,104.7591,2020-05-21
Bond Fund,36584105946.78,349364964.32,104.716,104.716,104.716,2020-05-20
Bond Fund,36612209192.68,349765845.93,104.6763,104.6763,104.6763,2020-05-19
Bond Fund,36482030308.55,348652625.7,104.6372,104.6372,104.6372,2020-05-18
Bond Fund,36134855263.77,345460409.63,104.5991,104.5991,104.5991,2020-05-17
Bond Fund,35743883652.66,342098403.97,104.4842,104.4842,104.4842,2020-05-14
Bond Fund,35639328520.23,341227593.9,104.4445,104.4445,104.4445,2020-05-13
Bond Fund,35616650081.0,341137805.65,104.4055,104.4055,104.4055,2020-05-12
Bond Fund,35424425312.28,339422196.33,104.3668,104.3668,104.3668,2020-05-11
Bond Fund,35351401911.13,338848887.29,104.3279,104.3279,104.3279,2020-05-10
Bond Fund,35178269629.03,337564085.83,104.2121,104.2121,104.2121,2020-05-07
Bond Fund,35107751038.26,337026854.34,104.169,104.169,104.169,2020-05-06
Bond Fund,35114983797.53,337221960.95,104.1302,104.1302,104.1302,2020-05-05
Bond Fund,34831576559.93,334621703.59,104.0924,104.0924,104.0924,2020-05-04
Bond Fund,34671013919.49,333203799.26,104.0535,104.0535,104.0535,2020-05-03
Bond Fund,34832229828.18,332041032.95,104.9034,104.9034,104.9034,2020-04-29
Bond Fund,33965508575.16,323900148.25,104.8641,104.8641,104.8641,2020-04-28
Bond Fund,33895660486.82,323354082.15,104.8252,104.8252,104.8252,2020-04-27
Bond Fund,33570845960.55,320734420.36,104.6687,104.6687,104.6687,2020-04-26
Bond Fund,33662033882.17,321244697.33,104.7863,104.7863,104.7863,2020-04-26
Bond Fund,33481830515.31,320012127.11,104.6268,104.6268,104.6268,2020-04-22
Bond Fund,33474108328.77,320055243.34,104.5885,104.5885,104.5885,2020-04-21
Bond Fund,36208509451.76,346312618.1,104.5544,104.5544,104.5544,2020-04-20
Bond Fund,36068777270.31,345087816.83,104.5206,104.5206,104.5206,2020-04-19
Bond Fund,36063899112.93,345396918.05,104.4129,104.4129,104.4129,2020-04-16
Bond Fund,35938606393.4,344308548.1,104.3791,104.3791,104.3791,2020-04-15
Bond Fund,35769162974.43,342796517.68,104.3452,104.3452,104.3452,2020-04-14
Bond Fund,35712735317.3,342367435.83,104.3111,104.3111,104.3111,2020-04-13
Bond Fund,35563509824.21,341541987.28,104.1263,104.1263,104.1263,2020-04-08
Bond Fund,35469940164.64,340755364.78,104.0921,104.0921,104.0921,2020-04-07
Bond Fund,35326121758.35,339597025.7,104.0236,104.0236,104.0236,2020-04-05
Bond Fund,35066099282.84,337411855.84,103.9267,103.9267,103.9267,2020-04-02
Bond Fund,34915262943.91,336081574.47,103.8893,103.8893,103.8893,2020-04-01
Bond Fund,34580279652.33,332975260.24,103.8524,103.8524,103.8524,2020-03-31
Bond Fund,34560754944.43,329731124.78,104.815,104.815,104.815,2020-03-30
Bond Fund,34397760007.5,328294406.65,104.7772,104.7772,104.7772,2020-03-29
Bond Fund,34319223740.47,327901253.4,104.6633,104.6633,104.6633,2020-03-26
Bond Fund,33980343209.31,324785139.38,104.6241,104.6241,104.6241,2020-03-25
Bond Fund,33930611309.53,324426034.39,104.5866,104.5866,104.5866,2020-03-24
Bond Fund,33912890697.01,324374802.71,104.5485,104.5485,104.5485,2020-03-23
Bond Fund,33619097249.17,321681761.36,104.5104,104.5104,104.5104,2020-03-22
Bond Fund,33455490751.04,320467539.42,104.3959,104.3959,104.3959,2020-03-19
Bond Fund,33332423900.0,319405169.45,104.3578,104.3578,104.3578,2020-03-18
Bond Fund,33204166702.8,318293203.08,104.3194,104.3194,104.3194,2020-03-17
Bond Fund,32947606272.9,315949933.09,104.2811,104.2811,104.2811,2020-03-16
Bond Fund,32801277089.83,314664955.86,104.2419,104.2419,104.2419,2020-03-15
Bond Fund,32710648532.31,314145815.89,104.1257,104.1257,104.1257,2020-03-12
Bond Fund,32519886574.16,312429819.36,104.087,104.087,104.087,2020-03-11
Bond Fund,32270753772.74,310151724.06,104.0483,104.0483,104.0483,2020-03-10
Bond Fund,32187962982.95,309466986.98,104.011,104.011,104.011,2020-03-09
Bond Fund,31977249789.61,307556299.99,103.972,103.972,103.972,2020-03-08
Bond Fund,31757085750.2,305901683.2,103.8147,103.8147,103.8147,2020-03-04
Bond Fund,31174768042.93,300405841.71,103.7755,103.7755,103.7755,2020-03-03
Bond Fund,30734364620.76,296271716.19,103.7371,103.7371,103.7371,2020-03-02
Bond Fund,30408547439.24,293243088.17,103.6974,103.6974,103.6974,2020-03-01
Bond Fund,30543608732.9,292215122.89,104.5244,104.5244,104.5244,2020-02-27
Bond Fund,30449867143.36,291429152.49,104.4846,104.4846,104.4846,2020-02-26
Bond Fund,30160444687.21,288769061.86,104.4449,104.4449,104.4449,2020-02-25
Bond Fund,30130710578.18,288598507.9,104.4036,104.4036,104.4036,2020-02-24
Bond Fund,30072271831.93,288147582.24,104.3641,104.3641,104.3641,2020-02-23
Bond Fund,29959447091.67,287392317.11,104.2458,104.2458,104.2458,2020-02-20
Bond Fund,29800292666.8,285973937.73,104.2063,104.2063,104.2063,2020-02-19
Bond Fund,29738893448.57,285493309.52,104.1667,104.1667,104.1667,2020-02-18
Bond Fund,29551889370.53,283805574.24,104.1272,104.1272,104.1272,2020-02-17
Bond Fund,29392930216.41,282380814.11,104.0897,104.0897,104.0897,2020-02-16
Bond Fund,29114708160.78,280025212.3,103.9717,103.9717,103.9717,2020-02-13
Bond Fund,29079959260.04,279797652.4,103.9321,103.9321,103.9321,2020-02-12
Bond Fund,29022580642.23,279388383.18,103.879,103.879,103.879,2020-02-11
Bond Fund,28900876276.56,278317719.29,103.8413,103.8413,103.8413,2020-02-10
Bond Fund,28839847954.67,277833080.84,103.8028,103.8028,103.8028,2020-02-09
Bond Fund,28776840331.81,277528389.86,103.6897,103.6897,103.6897,2020-02-06
Bond Fund,28660258130.52,276505273.88,103.6518,103.6518,103.6518,2020-02-05
Bond Fund,28706179197.89,277049673.7,103.6138,103.6138,103.6138,2020-02-04
Bond Fund,28275540087.54,272989448.85,103.5774,103.5774,103.5774,2020-02-03
Bond Fund,28173536874.61,272105119.7,103.5392,103.5392,103.5392,2020-02-02
Bond Fund,28390718259.69,271878658.15,104.4242,104.4242,104.4242,2020-01-30
Bond Fund,28364013456.47,271733198.57,104.3818,104.3818,104.3818,2020-01-29
Bond Fund,28341636439.1,271617461.97,104.3439,104.3439,104.3439,2020-01-28
Bond Fund,27760913495.99,266147628.27,104.3064,104.3064,104.3064,2020-01-27
Bond Fund,27632983675.24,265018285.01,104.2682,104.2682,104.2682,2020-01-26
Bond Fund,27480276887.36,263844730.97,104.1532,104.1532,104.1532,2020-01-23
Bond Fund,27447922227.79,263631147.02,104.1149,104.1149,104.1149,2020-01-22
Bond Fund,27375531653.81,263031393.74,104.0771,104.0771,104.0771,2020-01-21
Bond Fund,27258551966.85,261974452.99,104.0504,104.0504,104.0504,2020-01-20
Bond Fund,27148471031.15,261009827.63,104.0132,104.0132,104.0132,2020-01-19
Bond Fund,27029428607.91,260150002.5,103.8994,103.8994,103.8994,2020-01-16
Bond Fund,26977243222.68,259742806.85,103.8614,103.8614,103.8614,2020-01-15
Bond Fund,26977243222.68,259742806.85,103.8614,103.8614,103.8614,2020-01-15
Bond Fund,26937838640.82,259458049.61,103.8235,103.8235,103.8235,2020-01-14
Bond Fund,26831500689.96,258528529.14,103.7855,103.7855,103.7855,2020-01-13
Bond Fund,26809619974.02,258412800.19,103.7473,103.7473,103.7473,2020-01-12
Bond Fund,26684787471.25,257493707.24,103.6328,103.6328,103.6328,2020-01-09
Bond Fund,26590032444.63,256674250.71,103.5945,103.5945,103.5945,2020-01-08
Bond Fund,25924422126.02,250340405.16,103.5567,103.5567,103.5567,2020-01-07
Bond Fund,25970206321.98,250877341.02,103.5175,103.5175,103.5175,2020-01-06
Bond Fund,25919453847.35,250484404.59,103.4773,103.4773,103.4773,2020-01-05
Bond Fund,25804054529.45,249649369.46,103.3612,103.3612,103.3612,2020-01-02
Bond Fund,25586978256.68,247639371.73,103.3235,103.3235,103.3235,2020-01-01
Bond Fund,25445083010.76,246447343.63,103.2475,103.2475,103.2475,2019-12-30
Bond Fund,25424312150.73,246337353.93,103.2093,103.2093,103.2093,2019-12-29
Bond Fund,25297328360.41,245379965.47,103.0945,103.0945,103.0945,2019-12-26
Bond Fund,25169779886.56,244416267.63,102.9792,102.9792,102.9792,2019-12-23
Bond Fund,24756859170.03,240496705.92,102.9405,102.9405,102.9405,2019-12-22
Bond Fund,24497066533.81,238246662.77,102.8223,102.8223,102.8223,2019-12-19
Bond Fund,24489730740.7,238267798.89,102.7824,102.7824,102.7824,2019-12-18
Bond Fund,24418529445.13,237667119.01,102.7426,102.7426,102.7426,2019-12-17
Bond Fund,24401034756.46,237584861.03,102.7045,102.7045,102.7045,2019-12-16
Bond Fund,24069396264.0,234442648.13,102.6665,102.6665,102.6665,2019-12-15
Bond Fund,24010651456.55,234134946.07,102.5505,102.5505,102.5505,2019-12-12
Bond Fund,23988098225.33,234003364.49,102.5118,102.5118,102.5118,2019-12-11
Bond Fund,23681197799.56,231096904.74,102.473,102.473,102.473,2019-12-10
Bond Fund,23629937502.87,230685185.72,102.4337,102.4337,102.4337,2019-12-09
Bond Fund,23540535639.98,230166762.91,102.276,102.276,102.276,2019-12-05
Bond Fund,23483454208.82,229697413.01,102.2365,102.2365,102.2365,2019-12-04
Bond Fund,23325903676.65,228244626.29,102.1969,102.1969,102.1969,2019-12-03
Bond Fund,23278851734.46,227902762.67,102.1438,102.1438,102.1438,2019-12-02
Bond Fund,23161811768.8,226816488.12,102.117,102.117,102.117,2019-12-01
Bond Fund,22837215601.62,223895125.3,101.9996,101.9996,101.9996,2019-11-28
Bond Fund,22817257354.52,223786585.11,101.9599,101.9599,101.9599,2019-11-27
Bond Fund,22649363740.4,222226539.6,101.9202,101.9202,101.9202,2019-11-26
Bond Fund,22595923254.96,221789402.42,101.8801,101.8801,101.8801,2019-11-25
Bond Fund,22287345053.34,218844795.9,101.8409,101.8409,101.8409,2019-11-24
Bond Fund,22173946792.82,217987298.89,101.7213,101.7213,101.7213,2019-11-21
Bond Fund,22159558602.2,217933752.68,101.6803,101.6803,101.6803,2019-11-20
Bond Fund,17109475377.46,168316856.07,101.6504,101.6504,101.6504,2019-11-19
Bond Fund,16143219438.2,158929423.83,101.5748,101.5748,101.5748,2019-11-17
Bond Fund,16123549558.87,158929423.83,101.451,101.451,101.451,2019-11-14
Bond Fund,16117096257.34,158929423.83,101.4104,101.4104,101.4104,2019-11-13
Bond Fund,16110645659.73,158929423.83,101.3698,101.3698,101.3698,2019-11-12
