Sqrt_NAV,Log_ONU,Nav Per Unit,Sale Price per Unit,Repurchase Price/Unit,Year,Month,Day,Weekday,Target_NAV
567929.4601597103,21.756665619348436,114.7596,114.7596,114.7596,2022,12,30,4,466188.84639119153
567627.8410036544,21.75587602299857,114.7283,114.7283,114.7283,2022,12,29,3,466239.8641674047
567662.0345764811,21.75627223519742,114.6966,114.6966,114.6966,2022,12,28,2,465341.83769957756
566577.7345398158,21.7536006784791,114.5646,114.5646,114.5646,2022,12,27,1,465884.0860201065
565065.7980633848,21.749350164619354,114.4393,114.4393,114.4393,2022,12,23,4,465076.3004548931
564706.8140238349,21.748354611168523,114.4078,114.4078,114.4078,2022,12,22,3,464507.76730800746
563214.2743108966,21.74360012710819,114.3462,114.3462,114.3462,2022,12,20,1,464575.85242420854
562443.0402718928,21.741131065824373,114.3152,114.3152,114.3152,2022,12,19,0,463838.17369341216
561878.9940384763,21.739934077628536,114.2226,114.2226,114.2226,2022,12,16,4,463068.41539625655
556766.1688090791,21.72191702485257,114.1923,114.1923,114.1923,2022,12,15,3,461890.72003443626
556648.0038627103,21.721766489853195,114.1611,114.1611,114.1611,2022,12,14,2,461408.04217123264
556020.79792693,21.719782410261935,114.1302,114.1302,114.1302,2022,12,13,1,460828.3250944
554899.7582672838,21.716021876956948,114.0987,114.0987,114.0987,2022,12,12,0,460075.7836211334
554209.5557301138,21.714616546034776,113.9751,113.9751,113.9751,2022,12,8,3,459355.0317146858
553548.3914063611,21.712499783636034,113.9442,113.9442,113.9442,2022,12,7,2,458562.7359279862
552748.142179284,21.709879553394767,113.9131,113.9131,113.9131,2022,12,6,1,456208.81166618207
552187.656897499,21.708124648496252,113.8819,113.8819,113.8819,2022,12,5,0,455115.0222400706
549857.9843481133,21.70048959973285,113.7885,113.7885,113.7885,2022,12,2,4,456275.5973303306
548935.5824805858,21.69740775763651,113.757,113.757,113.757,2022,12,1,3,454457.6000255249
550781.025107111,21.69563062511287,114.7269,114.7269,114.7269,2022,11,30,2,453807.55961647443
550367.2635805113,21.694399165157254,114.6958,114.6958,114.6958,2022,11,29,1,453398.4962086994
548904.3491120925,21.68936708425455,114.6624,114.6624,114.6624,2022,11,28,0,453059.645126533
548312.7250677664,21.688033244619557,114.568,114.568,114.568,2022,11,25,4,452337.5344896331
547733.4515298203,21.686193862941703,114.5366,114.5366,114.5366,2022,11,24,3,451085.0265561693
546929.1858273061,21.683529666867205,114.5051,114.5051,114.5051,2022,11,23,2,450413.9339995156
546419.4488016051,21.681935323951972,114.4742,114.4742,114.4742,2022,11,22,1,450003.3028725678
545705.2039478183,21.679578366788938,114.4445,114.4445,114.4445,2022,11,21,0,450542.3242842896
545441.1060724704,21.679419014481027,114.352,114.352,114.352,2022,11,18,4,449929.4170056899
544701.9891160853,21.67697359862226,114.3215,114.3215,114.3215,2022,11,17,3,448494.4307925685
544106.196636686,21.676477651002084,114.1281,114.1281,114.1281,2022,11,16,2,447607.4020245197
544855.6738355764,21.67951233675488,114.096,114.096,114.096,2022,11,15,1,446521.684231382
544136.0430728147,21.677142823127266,114.0648,114.0648,114.0648,2022,11,14,0,446040.23596193653
543800.0186963587,21.676731185530073,113.9708,113.9708,113.9708,2022,11,11,4,445280.36329279107
543311.98989333,21.67520465813107,113.9402,113.9402,113.9402,2022,11,10,3,444380.88268281746
542667.6770960197,21.67310363260617,113.9091,113.9091,113.9091,2022,11,9,2,443333.05873988237
541801.6616428746,21.670182012871212,113.8781,113.8781,113.8781,2022,11,8,1,441415.371952858
540647.5692428016,21.66618418574049,113.8477,113.8477,113.8477,2022,11,7,0,440720.2809315677
540005.5078530589,21.66462209489445,113.755,113.755,113.755,2022,11,4,4,441903.1451437747
537342.9684052449,21.65501229338227,113.7237,113.7237,113.7237,2022,11,3,3,441278.7160705578
536756.2941661606,21.653102222806226,113.6924,113.6924,113.6924,2022,11,2,2,439116.3127840846
536373.3010683791,21.65194119101459,113.6621,113.6621,113.6621,2022,11,1,1,438371.0782834447
537747.0416167345,21.648570129160024,114.6308,114.6308,114.6308,2022,10,31,0,437263.81447660405
537150.7798673107,21.647168698507734,114.5372,114.5372,114.5372,2022,10,28,4,437024.2596308585
536476.0045518532,21.644926471848986,114.5061,114.5061,114.5061,2022,10,27,3,436505.74281328765
535905.0751778434,21.644390624324377,114.3237,114.3237,114.3237,2022,10,26,2,435529.2692775883
535803.9827684561,21.64428745889198,114.2924,114.2924,114.2924,2022,10,25,1,434056.7273722295
535074.2246423108,21.641834981665628,114.2611,114.2611,114.2611,2022,10,24,0,433184.1419514223
534105.8664359904,21.63903387904206,114.1673,114.1673,114.1673,2022,10,21,4,433083.5395405025
532273.5198907419,21.63297650601236,114.0742,114.0742,114.0742,2022,10,18,1,432003.3057597592
530925.5819961777,21.628178372356313,114.043,114.043,114.043,2022,10,17,0,431079.6714686741
530328.7137163044,21.627016018591714,113.9191,113.9191,113.9191,2022,10,13,3,430047.4447929438
529338.7610716411,21.62355109222223,113.8881,113.8881,113.8881,2022,10,12,2,429312.5446105669
528617.5707046447,21.62109694390084,113.8571,113.8571,113.8571,2022,10,11,1,425849.4129422043
527636.200626786,21.617653757961982,113.826,113.826,113.826,2022,10,10,0,423278.7720426102
526903.9506630122,21.61570006758166,113.7323,113.7323,113.7323,2022,10,7,4,424437.1350670674
526494.5185282844,21.614420525239204,113.701,113.701,113.701,2022,10,6,3,423317.7187233249
525865.334814342,21.612304051929282,113.6697,113.6697,113.6697,2022,10,5,2,421990.55885629717
523762.1144814123,21.604559394548893,113.639,113.639,113.639,2022,10,4,1,421206.2495088718
522280.04063553875,21.59919644803688,113.6044,113.6044,113.6044,2022,10,3,0,419825.153249314
524408.2026069767,21.599509934464248,114.4962,114.4962,114.4962,2022,9,30,4,418380.20336853893
523906.32173633866,21.597881132305606,114.4634,114.4634,114.4634,2022,9,29,3,417047.0909738491
523243.994428842,21.595630609899853,114.4314,114.4314,114.4314,2022,9,28,2,416326.81713281455
522888.99771053705,21.594542745013815,114.4006,114.4006,114.4006,2022,9,27,1,421973.86616849864
521092.93704501505,21.590248790411994,114.1049,114.1049,114.1049,2022,9,26,0,420560.0554086895
513878.50303672947,21.56316718372998,114.0135,114.0135,114.0135,2022,9,23,4,419283.93791967514
513433.6769519993,21.561710627155424,113.9821,113.9821,113.9821,2022,9,22,3,418673.30982943013
512824.31939007144,21.5596118340142,113.9506,113.9506,113.9506,2022,9,21,2,418107.3032495845
512005.8144704999,21.556693318553922,113.9192,113.9192,113.9192,2022,9,20,1,416765.538441088
511577.4324922084,21.55529422954369,113.8879,113.8879,113.8879,2022,9,19,0,414648.3523658571
510773.6571956506,21.552975863006065,113.7938,113.7938,113.7938,2022,9,16,4,421868.42078802246
510044.8580895606,21.55040085132075,113.7618,113.7618,113.7618,2022,9,15,3,421963.27882363176
509128.9411021436,21.54708311183086,113.7303,113.7303,113.7303,2022,9,14,2,420291.65059296624
508615.08687890886,21.545341111628726,113.6988,113.6988,113.6988,2022,9,13,1,419340.6480382745
507652.4371777703,21.541829760360013,113.6672,113.6672,113.6672,2022,9,12,0,418731.1746222987
506925.868858998,21.539801863649846,113.5721,113.5721,113.5721,2022,9,9,4,417831.2158152739
506061.75484777545,21.536669810456146,113.5403,113.5403,113.5403,2022,9,8,3,416460.3661342577
505461.1226960982,21.534575370990414,113.5084,113.5084,113.5084,2022,9,7,2,414469.4239879825
504868.50073214114,21.53250686996243,113.4769,113.4769,113.4769,2022,9,6,1,414550.7213799296
504066.9016678441,21.529607329053466,113.4454,113.4454,113.4454,2022,9,5,0,413445.7059109334
501408.60624920466,21.519871420644602,113.3502,113.3502,113.3502,2022,9,2,4,412416.3833618762
499421.69649261335,21.512203885398012,113.3192,113.3192,113.3192,2022,9,1,3,410883.7713995163
501266.74290109257,21.511073667775673,114.2871,114.2871,114.2871,2022,8,31,2,409995.32741504506
500191.7995210437,21.50705289842288,114.2559,114.2559,114.2559,2022,8,30,1,408724.4255560218
498656.3364507063,21.501181487309147,114.2242,114.2242,114.2242,2022,8,29,0,407614.430857655
497762.93695012084,21.49843204282624,114.1287,114.1287,114.1287,2022,8,26,4,406993.57367749675
497006.66483900393,21.49567023529424,114.0968,114.0968,114.0968,2022,8,25,3,406489.6508410639
496431.038305614,21.493631541861205,114.065,114.065,114.065,2022,8,24,2,403779.4405091101
495563.67956337356,21.490687266404976,114.0019,114.0019,114.0019,2022,8,22,0,403163.1462977984
492677.5048267883,21.483417912390603,113.4999,113.4999,113.4999,2022,8,19,4,402613.4370772292
492779.12624435505,21.484118318275115,113.4673,113.4673,113.4673,2022,8,18,3,401641.9869710337
492358.7915761737,21.4829843341566,113.4023,113.4023,113.4023,2022,8,16,1,400988.7928162457
491307.2231946931,21.478992568351458,113.3701,113.3701,113.3701,2022,8,15,0,400040.6400197485
490409.1618472477,21.47617906928052,113.2742,113.2742,113.2742,2022,8,12,4,399912.4686596056
489917.948196124,21.474462654313832,113.2416,113.2416,113.2416,2022,8,11,3,398249.581366296
488867.04499023047,21.47045061989642,113.2096,113.2096,113.2096,2022,8,10,2,396469.7838287932
487877.8947525292,21.466683678428,113.1775,113.1775,113.1775,2022,8,9,1,393988.12449960975
486606.30121975404,21.462602372215315,113.0487,113.0487,113.0487,2022,8,5,4,392671.0311447357
485749.5035947232,21.459363490560172,113.0164,113.0164,113.0164,2022,8,4,3,393516.63276195835
485048.9021490617,21.456763217164916,112.9841,112.9841,112.9841,2022,8,3,2,392382.0868774338
482895.23345365503,21.448140581172133,112.9527,112.9527,112.9527,2022,8,2,1,391503.58059480117
481172.22680091375,21.441281789823595,112.92,112.92,112.92,2022,8,1,0,390628.6925055941
482332.8798067679,21.438155802635407,113.8206,113.8206,113.8206,2022,7,29,4,390043.78752270876
481846.79358430934,21.436431266245737,113.7874,113.7874,113.7874,2022,7,28,3,389945.7676386295
480505.1813841241,21.43113645692629,113.7554,113.7554,113.7554,2022,7,27,2,389215.9277658611
479685.6934517643,21.428005323085856,113.7232,113.7232,113.7232,2022,7,26,1,388674.6037401852
479039.3200819219,21.425595183475618,113.6906,113.6906,113.6906,2022,7,25,0,388392.5979298653
478320.42354783474,21.42344586969897,113.5935,113.5935,113.5935,2022,7,22,4,387826.544836374
476763.55355994863,21.417210217672846,113.5612,113.5612,113.5612,2022,7,21,3,387080.1156801393
476437.13900422375,21.416131389818002,113.5281,113.5281,113.5281,2022,7,20,2,386845.6869899935
475710.986075758,21.413365430642475,113.4958,113.4958,113.4958,2022,7,19,1,386782.8921912136
475053.72550291615,21.41088530496999,113.4635,113.4635,113.4635,2022,7,18,0,386264.227802485
474293.8407755998,21.408542977715406,113.366,113.366,113.366,2022,7,15,4,385527.03150916664
474006.7436447608,21.407620871940804,113.3333,113.3333,113.3333,2022,7,14,3,384840.2725030087
472694.29024680424,21.40236209602135,113.3008,113.3008,113.3008,2022,7,13,2,383595.8137586488
472375.5975712547,21.401301746718886,113.2681,113.2681,113.2681,2022,7,12,1,383188.54568525404
471140.8056446183,21.396353769515404,113.2356,113.2356,113.2356,2022,7,11,0,382837.89238357794
470231.2611348803,21.393361348580576,113.1369,113.1369,113.1369,2022,7,8,4,381753.11419243197
470313.39030373143,21.394290483883733,113.0713,113.0713,113.0713,2022,7,6,2,382970.7374486725
469452.2174900231,21.390912437215096,113.0388,113.0388,113.0388,2022,7,5,1,382463.93349027046
468003.5239850871,21.385022016124147,113.0059,113.0059,113.0059,2022,7,4,0,382199.8606262174
467263.416127595,21.382728191395717,112.9075,112.9075,112.9075,2022,7,1,4,381789.10230302543
468822.8340443114,21.38086311802743,113.8745,113.8745,113.8745,2022,6,30,3,380542.3467282452
468346.95415959525,21.379120291529592,113.8417,113.8417,113.8417,2022,6,29,2,379317.5291926409
467610.22433042456,21.376233228681,113.8119,113.8119,113.8119,2022,6,28,1,378852.43621773104
466707.7132499312,21.372660628080283,113.7788,113.7788,113.7788,2022,6,27,0,377933.8203941399
466311.0526163732,21.37182732594221,113.6802,113.6802,113.6802,2022,6,24,4,376958.98313979735
466188.84639119153,21.3715933077865,113.6472,113.6472,113.6472,2022,6,23,3,376842.5280850079
466239.8641674047,21.37209881200207,113.6146,113.6146,113.6146,2022,6,22,2,375938.87608604674
465341.83769957756,21.368529022458144,113.5821,113.5821,113.5821,2022,6,21,1,375588.6376831307
465884.0860201065,21.371145742925524,113.5495,113.5495,113.5495,2022,6,20,0,375353.19608985615
465076.3004548931,21.36853339856152,113.452,113.452,113.452,2022,6,17,4,373445.9258851808
464507.76730800746,21.366374728533117,113.4194,113.4194,113.4194,2022,6,16,3,372955.021421565
464575.85242420854,21.366963536113584,113.3859,113.3859,113.3859,2022,6,15,2,372220.90072236676
463838.17369341216,21.36407239154799,113.3533,113.3533,113.3533,2022,6,14,1,370712.54534504225
463068.41539625655,21.36103781667837,113.3208,113.3208,113.3208,2022,6,13,0,370411.5900587075
461890.72003443626,21.356810895827813,113.2227,113.2227,113.2227,2022,6,10,4,369494.7221637408
461408.04217123264,21.355012134547184,113.1896,113.1896,113.1896,2022,6,9,3,368187.4709354597
460828.3250944,21.352787972899364,113.1567,113.1567,113.1567,2022,6,8,2,366856.2102786322
460075.7836211334,21.349807552853363,113.1241,113.1241,113.1241,2022,6,7,1,366350.38785266766
459355.0317146858,21.346961039753392,113.0914,113.0914,113.0914,2022,6,6,0,367928.10759070853
458562.7359279862,21.344379611618862,112.9929,112.9929,112.9929,2022,6,3,4,366476.0153088603
456208.81166618207,21.3343861254695,112.9591,112.9591,112.9591,2022,6,2,3,365604.9366430109
455115.0222400706,21.32986767150196,112.9272,112.9272,112.9272,2022,6,1,2,365000.4485115737
456275.5973303306,21.326436886801734,113.8939,113.8939,113.8939,2022,5,31,1,364635.6646262814
454457.6000255249,21.318742901072323,113.8608,113.8608,113.8608,2022,5,30,0,364031.4716247072
453807.55961647443,21.316766583378705,113.7599,113.7599,113.7599,2022,5,27,4,363064.0514329255
453398.4962086994,21.31525593448425,113.7266,113.7266,113.7266,2022,5,26,3,362708.0186297237
453059.645126533,21.314055472576275,113.6931,113.6931,113.6931,2022,5,25,2,362379.0726391081
452337.5344896331,21.31115551725893,113.6601,113.6601,113.6601,2022,5,24,1,362164.10537129437
451085.0265561693,21.308336518469176,113.3506,113.3506,113.3506,2022,5,23,0,361536.53132346115
450413.9339995156,21.30623118081985,113.2518,113.2518,113.2518,2022,5,20,4,360587.42059122084
450003.3028725678,21.304697274850106,113.2189,113.2189,113.2189,2022,5,19,3,359996.113103225
450542.3242842896,21.307359501269605,113.1886,113.1886,113.1886,2022,5,18,2,359916.7064662601
449929.4170056899,21.304926502287227,113.1558,113.1558,113.1558,2022,5,17,1,359381.72325087705
448494.4307925685,21.29882813383095,113.1229,113.1229,113.1229,2022,5,16,0,353359.3889966418
447607.4020245197,21.295744459779407,113.0239,113.0239,113.0239,2022,5,13,4,352130.21227375534
446521.684231382,21.291177165633123,112.9911,112.9911,112.9911,2022,5,12,3,351348.7159301141
446040.23596193653,21.289313313557958,112.9579,112.9579,112.9579,2022,5,11,2,351505.18606536946
445280.36329279107,21.28619224645314,112.9253,112.9253,112.9253,2022,5,10,1,351127.36783091974
444380.88268281746,21.28245031691049,112.8912,112.8912,112.8912,2022,5,9,0,349784.56494358066
443333.05873988237,21.278581520964305,112.795,112.795,112.795,2022,5,6,4,349219.40690140636
441415.371952858,21.270271788929882,112.7543,112.7543,112.7543,2022,5,5,3,350100.20566514955
440720.2809315677,21.267982565440516,112.6571,112.6571,112.6571,2022,5,2,0,349739.89221304166
441903.1451437747,21.265383123935166,113.5575,113.5575,113.5575,2022,4,29,4,348937.6573040233
441278.7160705578,21.26284262626244,113.5248,113.5248,113.5248,2022,4,28,3,348424.263443937
439116.3127840846,21.25709281992995,113.0631,113.0631,113.0631,2022,4,27,2,347882.7115157492
438371.0782834447,21.254285733728913,112.9964,112.9964,112.9964,2022,4,25,0,347352.62843715464
437263.81447660405,21.250075963911325,112.9006,112.9006,112.9006,2022,4,22,4,346586.6334607698
437024.2596308585,21.249296903737154,112.8648,112.8648,112.8648,2022,4,21,3,345533.9232341595
436505.74281328765,21.247221480465825,112.8311,112.8311,112.8311,2022,4,20,2,344612.61224194913
435529.2692775883,21.2430395538416,112.7976,112.7976,112.7976,2022,4,19,1,343833.9835244911
434056.7273722295,21.23776402700147,112.6287,112.6287,112.6287,2022,4,14,3,343458.41269532184
433184.1419514223,21.234028935669752,112.5961,112.5961,112.5961,2022,4,13,2,342872.17556905956
433083.5395405025,21.233859010433928,112.563,112.563,112.563,2022,4,12,1,342653.37302822515
432003.3057597592,21.22915417856532,112.5303,112.5303,112.5303,2022,4,11,0,341701.7388638372
431079.6714686741,21.225749638542087,112.4318,112.4318,112.4318,2022,4,8,4,341050.01950237446
430047.4447929438,21.221540371391963,112.366,112.366,112.366,2022,4,6,2,340395.23188509856
429312.5446105669,21.218413548421836,112.333,112.333,112.333,2022,4,5,1,338780.47249609884
425849.4129422043,21.202495994179298,112.3014,112.3014,112.3014,2022,4,4,0,338114.71818199515
423278.7720426102,21.191286074796178,112.2004,112.2004,112.2004,2022,4,1,4,339798.16820767295
424437.1350670674,21.18817725140208,113.1666,113.1666,113.1666,2022,3,31,3,339498.13065096544
423317.7187233249,21.18319304274458,113.1329,113.1329,113.1329,2022,3,30,2,339029.6365551543
421990.55885629717,21.177207658357386,113.0996,113.0996,113.0996,2022,3,29,1,336920.50736918644
421206.2495088718,21.173786314549684,113.0657,113.0657,113.0657,2022,3,28,0,336219.2045701881
419825.153249314,21.168117155961067,112.9641,112.9641,112.9641,2022,3,25,4,336671.02441007603
418380.20336853893,21.161528303784657,112.9295,112.9295,112.9295,2022,3,24,3,336481.6079953108
417047.0909738491,21.15957521495497,112.4303,112.4303,112.4303,2022,3,23,2,336171.6187437155
416326.81713281455,21.156431528835025,112.3951,112.3951,112.3951,2022,3,22,1,335582.33188488934
421973.86616849864,21.18372916479441,112.3555,112.3555,112.3555,2022,3,21,0,334890.4253802429
420560.0554086895,21.17793015469636,112.253,112.253,112.253,2022,3,18,4,334805.506640079
419283.93791967514,21.172159227096547,112.2185,112.2185,112.2185,2022,3,17,3,333919.8775896248
418673.30982943013,21.16954229807181,112.1851,112.1851,112.1851,2022,3,16,2,333343.8723828893
418107.3032495845,21.16713532779314,112.1516,112.1516,112.1516,2022,3,15,1,332435.7711155194
416765.538441088,21.161005044515132,112.1181,112.1181,112.1181,2022,3,14,0,331473.02228820976
414648.3523658571,21.151716736175512,112.0175,112.0175,112.0175,2022,3,11,4,329958.2945999539
421868.42078802246,21.19018957950028,111.5762,111.5762,111.5762,2022,3,10,3,329404.6150102788
421963.27882363176,21.190944179952083,111.5422,111.5422,111.5422,2022,3,9,2,329238.26275803667
420291.65059296624,21.18330256731223,111.509,111.509,111.509,2022,3,8,1,328246.5639754208
419340.6480382745,21.17907247795282,111.4755,111.4755,111.4755,2022,3,7,0,327876.13161441014
418731.1746222987,21.177069126974782,111.3746,111.3746,111.3746,2022,3,4,4,326382.37306031096
417831.2158152739,21.173051882564994,111.3428,111.3428,111.3428,2022,3,3,3,325831.38522220356
416460.3661342577,21.166791978186275,111.308,111.308,111.308,2022,3,2,2,326964.2880999544
414469.4239879825,21.157517747834277,111.2735,111.2735,111.2735,2022,3,1,1,326561.31062762166
414550.7213799296,21.150083484152624,112.1478,112.1478,112.1478,2022,2,28,0,326137.7766794427
413445.7059109334,21.145664338680895,112.0448,112.0448,112.0448,2022,2,25,4,325834.6154032441
412416.3833618762,21.140982003019378,112.0108,112.0108,112.0108,2022,2,24,3,325579.83429598337
410883.7713995163,21.13785258013258,111.5283,111.5283,111.5283,2022,2,23,2,325048.1203443269
409995.32741504506,21.13383430703561,111.4937,111.4937,111.4937,2022,2,22,1,324072.89497849095
408724.4255560218,21.127941953028877,111.4583,111.4583,111.4583,2022,2,21,0,323689.72660711675
407614.430857655,21.123444905130317,111.3534,111.3534,111.3534,2022,2,18,4,323080.210527974
406993.57367749675,21.120700125762312,111.3196,111.3196,111.3196,2022,2,17,3,323194.14668281045
406489.6508410639,21.118527978725353,111.2856,111.2856,111.2856,2022,2,16,2,322722.3229116635
403779.4405091101,21.105452351705953,111.2518,111.2518,111.2518,2022,2,15,1,322172.93276740366
403163.1462977984,21.10270811674544,111.2172,111.2172,111.2172,2022,2,14,0,321622.9144726787
402613.4370772292,21.100882341381975,111.1168,111.1168,111.1168,2022,2,11,4,321522.953114004
401641.9869710337,21.09635883957266,111.0826,111.0826,111.0826,2022,2,10,3,320681.389652705
400988.7928162457,21.09341338528488,111.0482,111.0482,111.0482,2022,2,9,2,319504.8276132929
400040.6400197485,21.088988653764396,111.0138,111.0138,111.0138,2022,2,8,1,331473.02228820976
399912.4686596056,21.088662794149197,110.9788,110.9788,110.9788,2022,2,7,0,318885.7942835648
398249.581366296,21.08126289666178,110.8752,110.8752,110.8752,2022,2,4,4,317478.56850478903
396469.7838287932,21.072617809309317,110.8405,110.8405,110.8405,2022,2,3,3,317037.4269263962
393988.12449960975,21.06036653655053,110.8065,110.8065,110.8065,2022,2,2,2,316682.56654369214
392671.0311447357,21.053984639001936,110.7716,110.7716,110.7716,2022,2,1,1,315418.82505156536
393516.63276195835,21.04964280363101,111.7333,111.7333,111.7333,2022,1,31,0,314028.4531305245
392382.0868774338,21.044811016160377,111.628,111.628,111.628,2022,1,28,4,315470.50664599374
391503.58059480117,21.0406425435331,111.5929,111.5929,111.5929,2022,1,27,3,315211.8562024595
390628.6925055941,21.03648726373084,111.5573,111.5573,111.5573,2022,1,26,2,314795.2677223405
390043.78752270876,21.03380706274843,111.522,111.522,111.522,2022,1,25,1,314195.427729399
389945.7676386295,21.03362869254054,111.4858,111.4858,111.4858,2022,1,24,0,314419.4072717045
389215.9277658611,21.030820911026865,111.3812,111.3812,111.3812,2022,1,21,4,314071.3038581844
388674.6037401852,21.028343699333682,111.347,111.347,111.347,2022,1,20,3,313562.47914772906
388392.5979298653,21.027198983204098,111.3129,111.3129,111.3129,2022,1,19,2,312878.65407815855
387826.544836374,21.02459017123136,111.2786,111.2786,111.2786,2022,1,18,1,311786.79355288605
387080.1156801393,21.021045363598983,111.2443,111.2443,111.2443,2022,1,17,0,311101.0301455622
386845.6869899935,21.02076592868669,111.1406,111.1406,111.1406,2022,1,14,4,310145.1913683332
386782.8921912136,21.020751662811392,111.1061,111.1061,111.1061,2022,1,13,3,309657.30565387924
386264.227802485,21.01868881103645,111.0372,111.0372,111.0372,2022,1,11,1,309201.00003958587
385527.03150916664,21.015179630117302,111.0026,111.0026,111.0026,2022,1,10,0,308981.95096513326
384840.2725030087,21.01255227935067,110.8985,110.8985,110.8985,2022,1,7,4,308271.58622769633
383595.8137586488,21.006405730808375,110.8617,110.8617,110.8617,2022,1,6,3,307352.51143597317
383188.54568525404,21.00459551025603,110.8269,110.8269,110.8269,2022,1,5,2,307040.71835733776
382837.89238357794,21.00308786631337,110.791,110.791,110.791,2022,1,4,1,306188.7290540591
381753.11419243197,20.997720728271748,110.7569,110.7569,110.7569,2022,1,3,0,305680.27398366743
382970.7374486725,20.996040837117498,111.652,111.652,111.652,2021,12,31,4,306362.8660460174
382463.93349027046,20.99370179348986,111.6175,111.6175,111.6175,2021,12,30,3,307379.2004748532
382199.8606262174,20.99264257583373,111.5815,111.5815,111.5815,2021,12,29,2,306694.9697256706
381789.10230302543,20.99080166641255,111.547,111.547,111.547,2021,12,28,1,306101.75180924725
380542.3467282452,20.98802551184155,111.1277,111.1277,111.1277,2021,12,27,0,304931.8349277753
379317.5291926409,20.982546173963446,111.0201,111.0201,111.0201,2021,12,24,4,304409.9759069831
378852.43621773104,20.980416189923726,110.9842,110.9842,110.9842,2021,12,23,3,304205.14128848974
377933.8203941399,20.97588555647059,110.9482,110.9482,110.9482,2021,12,22,2,303737.9791941403
376958.98313979735,20.971045664169477,110.9121,110.9121,110.9121,2021,12,21,1,303406.811492936
376842.5280850079,20.970733392294914,110.8782,110.8782,110.8782,2021,12,20,0,302993.1885181579
375938.87608604674,20.966871591298695,110.774,110.774,110.774,2021,12,17,4,302038.9474493646
375588.6376831307,20.965326472810908,110.7387,110.7387,110.7387,2021,12,16,3,301438.412014826
375353.19608985615,20.96439559629317,110.7029,110.7029,110.7029,2021,12,15,2,301331.4554759758
373445.9258851808,20.95451163504804,110.6692,110.6692,110.6692,2021,12,14,1,299107.1592087859
372955.021421565,20.952196816574908,110.6342,110.6342,110.6342,2021,12,13,0,298116.7122191743
372220.90072236676,20.949205348709803,110.5293,110.5293,110.5293,2021,12,10,4,297726.45685835514
370712.54534504225,20.94353265555,110.259,110.259,110.259,2021,12,8,2,297803.4421196135
370411.5900587075,20.94223453941402,110.223,110.223,110.223,2021,12,7,1,297344.57273052755
369494.7221637408,20.9375950861662,110.188,110.188,110.188,2021,12,6,0,296889.5957458092
368187.4709354597,20.931467042914207,110.0823,110.0823,110.0823,2021,12,3,4,296046.5899597055
366856.2102786322,20.92455482255145,110.0457,110.0457,110.0457,2021,12,2,3,293622.83367818996
366350.38785266766,20.922108240680423,110.0113,110.0113,110.0113,2021,12,1,2,292295.65724235453
367928.10759070853,20.92197296613347,110.9759,110.9759,110.9759,2021,11,30,1,291577.61133795924
366476.0153088603,20.914385707737253,110.9402,110.9402,110.9402,2021,11,29,0,292201.09148245835
365604.9366430109,20.91059994578441,110.8322,110.8322,110.8322,2021,11,26,4,291800.942162187
365000.4485115737,20.907606735238904,110.7971,110.7971,110.7971,2021,11,25,3,290648.7114268357
364635.6646262814,20.9059273681925,110.7616,110.7616,110.7616,2021,11,24,2,290525.59203149384
364031.4716247072,20.90292139091085,110.7272,110.7272,110.7272,2021,11,23,1,290264.9431924048
363064.0514329255,20.89791489536533,110.6923,110.6923,110.6923,2021,11,22,0,289626.8790586606
362708.0186297237,20.896923139483302,110.5849,110.5849,110.5849,2021,11,19,4,289347.41458651394
362379.0726391081,20.89544399228535,110.5478,110.5478,110.5478,2021,11,18,3,288656.7062172816
362164.10537129437,20.894573346233265,110.5129,110.5129,110.5129,2021,11,17,2,288246.09577746235
361536.53132346115,20.891418844878313,110.4782,110.4782,110.4782,2021,11,16,1,288461.44729204284
360587.42059122084,20.88647680887907,110.4433,110.4433,110.4433,2021,11,15,0,288244.3346856621
359996.113103225,20.884146883330654,110.3382,110.3382,110.3382,2021,11,12,4,287276.30282169115
359916.7064662601,20.884021632427494,110.3033,110.3033,110.3033,2021,11,11,3,286654.21066068433
359381.72325087705,20.881364294403685,110.2683,110.2683,110.2683,2021,11,10,2,286905.479195344
353359.3889966418,20.847878620165574,110.2338,110.2338,110.2338,2021,11,9,1,286369.48316220776
352130.21227375534,20.841234367779723,110.1979,110.1979,110.1979,2021,11,8,0,285730.30411814916
351348.7159301141,20.837716584943056,110.096,110.096,110.096,2021,11,5,4,285423.0004996444
351505.18606536946,20.838937466664348,110.0596,110.0596,110.0596,2021,11,4,3,285040.86524082825
351127.36783091974,20.83711518310567,110.0234,110.0234,110.0234,2021,11,3,2,284088.54259983805
349784.56494358066,20.829787608441606,109.9865,109.9865,109.9865,2021,11,2,1,284386.804028668
349219.40690140636,20.826875828036748,109.9511,109.9511,109.9511,2021,11,1,0,285364.6836973524
350100.20566514955,20.82384842841964,110.8415,110.8415,110.8415,2021,10,29,4,285185.4239308524
349739.89221304166,20.822117859994012,110.805,110.805,110.805,2021,10,28,3,284883.03221067763
348937.6573040233,20.817848774428676,110.7692,110.7692,110.7692,2021,10,27,2,284346.11418134416
348424.263443937,20.815233019949318,110.7327,110.7327,110.7327,2021,10,26,1,282635.69702410203
347882.7115157492,20.8124475448706,110.6967,110.6967,110.6967,2021,10,25,0,282394.2047826938
347352.62843715464,20.810377612890896,110.5883,110.5883,110.5883,2021,10,22,4,282203.5489825562
346586.6334607698,20.806311530142086,110.5496,110.5496,110.5496,2021,10,21,3,281708.81641679234
345533.9232341595,20.800553104300164,110.5137,110.5137,110.5137,2021,10,20,2,279376.1976695223
344612.61224194913,20.795867868063496,110.4413,110.4413,110.4413,2021,10,18,0,279532.2858641735
343833.9835244911,20.792333125829654,110.3321,110.3321,110.3321,2021,10,15,4,279278.5813057099
343458.41269532184,20.790810733025435,110.259,110.259,110.259,2021,10,13,2,278526.01447678095
342872.17556905956,20.787725411405276,110.2224,110.2224,110.2224,2021,10,12,1,279461.26497573865
342653.37302822515,20.786754975146128,110.1887,110.1887,110.1887,2021,10,11,0,278979.55035624024
341701.7388638372,20.78211442691862,110.0872,110.0872,110.0872,2021,10,8,4,278597.9494401206
341050.01950237446,20.778917475194405,110.0188,110.0188,110.0188,2021,10,6,2,277323.7631027857
340395.23188509856,20.77538341735937,109.9848,109.9848,109.9848,2021,10,5,1,276901.9004276605
338780.47249609884,20.76617770291526,109.9513,109.9513,109.9513,2021,10,4,0,275708.5015670899
338114.71818199515,20.763187361493245,109.8476,109.8476,109.8476,2021,10,1,4,276808.16324055544
339798.16820767295,20.764380033558677,110.8119,110.8119,110.8119,2021,9,30,3,276535.5012999416
339498.13065096544,20.76292476174402,110.7774,110.7774,110.7774,2021,9,29,2,275383.1999390304
339029.6365551543,20.760474209035436,110.7429,110.7429,110.7429,2021,9,28,1,274629.1454553577
336920.50736918644,20.755037042580824,109.9656,109.9656,109.9656,2021,9,27,0,274588.33807831316
336219.2045701881,20.75185108278519,109.8577,109.8577,109.8577,2021,9,24,4,274069.1347971712
336671.02441007603,20.75487505271094,109.8206,109.8206,109.8206,2021,9,23,3,273527.5639289942
336481.6079953108,20.75374905104976,109.7839,109.7839,109.7839,2021,9,22,2,273177.4341905824
336171.6187437155,20.752565158011063,109.7482,109.7482,109.7482,2021,9,21,1,272848.6964902893
335582.33188488934,20.749381611376027,109.7125,109.7125,109.7125,2021,9,20,0,272427.9388482944
334890.4253802429,20.746233346558014,109.6051,109.6051,109.6051,2021,9,17,4,272125.72277871857
334805.506640079,20.7460559819876,109.569,109.569,109.569,2021,9,16,3,271552.33622379316
333919.8775896248,20.741083459914616,109.5334,109.5334,109.5334,2021,9,15,2,271329.17826448375
333343.8723828893,20.73795709067556,109.4976,109.4976,109.4976,2021,9,14,1,271491.0136456638
332435.7711155194,20.73282821476345,109.4618,109.4618,109.4618,2021,9,13,0,271290.310879729
331473.02228820976,20.728013748942622,109.3539,109.3539,109.3539,2021,9,10,4,271044.29712342226
329958.2945999539,20.719182406269923,109.318,109.318,109.318,2021,9,9,3,270564.56255335803
329404.6150102788,20.716156490746137,109.2816,109.2816,109.2816,2021,9,8,2,270652.1498666508
329238.26275803667,20.71548147908713,109.2449,109.2449,109.2449,2021,9,7,1,270126.1694692501
328246.5639754208,20.709782181901023,109.2085,109.2085,109.2085,2021,9,6,0,268392.3262628796
327876.13161441014,20.70853245819928,109.0984,109.0984,109.0984,2021,9,3,4,267223.37245972705
326382.37306031096,20.699734425185323,109.0619,109.0619,109.0619,2021,9,2,3,267817.1590673943
325831.38522220356,20.696694282961214,109.0249,109.0249,109.0249,2021,9,1,2,267669.1434664444
326964.2880999544,20.69484590515785,109.9875,109.9875,109.9875,2021,8,31,1,267383.3426262938
326561.31062762166,20.692730664194972,109.9489,109.9489,109.9489,2021,8,30,0,267013.38472175883
326137.7766794427,20.691149419934824,109.8374,109.8374,109.8374,2021,8,27,4,266097.4259021684
325834.6154032441,20.68962815455072,109.8002,109.8002,109.8002,2021,8,26,3,265510.38037278317
325579.83429598337,20.68840186042641,109.7631,109.7631,109.7631,2021,8,25,2,264746.6445456864
325048.1203443269,20.68546985478336,109.7261,109.7261,109.7261,2021,8,24,1,264439.45054085634
324072.89497849095,20.679797841580626,109.6891,109.6891,109.6891,2021,8,23,0,264183.17829943297
323689.72660711675,20.678450868867625,109.5773,109.5773,109.5773,2021,8,20,4,264247.74796168087
323080.210527974,20.675021513015587,109.5401,109.5401,109.5401,2021,8,19,3,264107.54650916357
323194.14668281045,20.67606912602776,109.5026,109.5026,109.5026,2021,8,18,2,264037.9925145243
322722.3229116635,20.673488130779855,109.4652,109.4652,109.4652,2021,8,17,1,263699.1469296023
322172.93276740366,20.670415324808623,109.4286,109.4286,109.4286,2021,8,16,0,263544.60153918917
321622.9144726787,20.668024487932293,109.3163,109.3163,109.3163,2021,8,13,4,262564.208938271
321522.953114004,20.667722585630106,109.2814,109.2814,109.2814,2021,8,12,3,262643.90271599684
320681.389652705,20.662850311746507,109.241,109.241,109.241,2021,8,11,2,262455.1648008475
319504.8276132929,20.655834813707106,109.2043,109.2043,109.2043,2021,8,10,1,262252.6762632366
331473.02228820976,20.728013748942622,109.3539,109.3539,109.3539,2021,8,10,1,260521.7293146965
318885.7942835648,20.652285390128885,109.1684,109.1684,109.1684,2021,8,9,0,259792.73931921192
317478.56850478903,20.644431535218725,109.0602,109.0602,109.0602,2021,8,6,4,260764.69423942344
317037.4269263962,20.641984810488385,109.0237,109.0237,109.0237,2021,8,5,3,260304.19493411935
316682.56654369214,20.640079144716385,108.9873,108.9873,108.9873,2021,8,4,2,259645.00404895144
315418.82505156536,20.632412245524446,108.9513,108.9513,108.9513,2021,8,3,1,259413.459239647
314028.4531305245,20.623875141433164,108.9188,108.9188,108.9188,2021,8,2,0,258383.9449537258
315470.50664599374,20.62493630756232,109.8048,109.8048,109.8048,2021,7,30,4,258050.05196548594
315211.8562024595,20.6236304098273,109.7681,109.7681,109.7681,2021,7,29,3,258063.08015533723
314795.2677223405,20.621369053923598,109.726,109.726,109.726,2021,7,28,2,257651.78154379217
314195.427729399,20.61789011029512,109.6892,109.6892,109.6892,2021,7,27,1,256811.85753566754
314419.4072717045,20.61965657010129,109.6518,109.6518,109.6518,2021,7,26,0,256004.98568299407
314071.3038581844,20.618450710181467,109.5411,109.5411,109.5411,2021,7,23,4,257706.04883843916
313562.47914772906,20.615544929298363,109.5042,109.5042,109.5042,2021,7,22,3,256999.10111945917
312878.65407815855,20.611857659982906,109.4299,109.4299,109.4299,2021,7,20,1,256799.63168852092
311786.79355288605,20.60520460562845,109.3928,109.3928,109.3928,2021,7,19,0,256265.0395944402
311101.0301455622,20.60182290799369,109.2811,109.2811,109.2811,2021,7,16,4,255893.58610094158
310145.1913683332,20.596002041072524,109.2446,109.2446,109.2446,2021,7,15,3,253974.6228806532
309657.30565387924,20.593189404803624,109.2079,109.2079,109.2079,2021,7,14,2,253213.70705074398
309201.00003958587,20.59057695122183,109.1711,109.1711,109.1711,2021,7,13,1,252806.29659913536
308981.95096513326,20.589500550799503,109.1339,109.1339,109.1339,2021,7,12,0,251985.61165384026
308271.58622769633,20.58592610615328,109.0217,109.0217,109.0217,2021,7,9,4,252843.62184140616
307352.51143597317,20.580283625403286,108.9858,108.9858,108.9858,2021,7,8,3,252444.79176657615
307040.71835733776,20.578945465002526,108.9104,108.9104,108.9104,2021,7,6,1,251556.02694262765
306188.7290540591,20.573768457184045,108.869,108.869,108.869,2021,7,5,0,250889.68035562962
305680.27398366743,20.571438506022655,108.7609,108.7609,108.7609,2021,7,2,4,250735.64501181318
306362.8660460174,20.576234103502525,108.7245,108.7245,108.7245,2021,7,1,3,250398.99149040118
307379.2004748532,20.57402006356095,109.6896,109.6896,109.6896,2021,6,30,2,250153.26270168854
306694.9697256706,20.573162826838626,109.2955,109.2955,109.2955,2021,6,29,1,249604.88145002292
306101.75180924725,20.569614992512292,109.26,109.26,109.26,2021,6,28,0,249604.88145002292
304931.8349277753,20.56583131627257,108.8375,108.8375,108.8375,2021,6,25,4,249398.66445352108
304409.9759069831,20.562747706808114,108.8003,108.8003,108.8003,2021,6,24,3,249116.8995148061
304205.14128848974,20.561724258344437,108.7651,108.7651,108.7651,2021,6,23,2,247889.9296086874
303737.9791941403,20.558987491772434,108.7285,108.7285,108.7285,2021,6,22,1,247130.76469276342
303406.811492936,20.557143590055723,108.6918,108.6918,108.6918,2021,6,21,0,246857.3747147733
302993.1885181579,20.555433798543874,108.5811,108.5811,108.5811,2021,6,18,4,246064.3745353439
302038.9474493646,20.54948170604217,108.5424,108.5424,108.5424,2021,6,17,3,245633.31450847624
301438.412014826,20.54583326499799,108.5064,108.5064,108.5064,2021,6,16,2,245202.43085832163
301331.4554759758,20.54545245067612,108.4707,108.4707,108.4707,2021,6,15,1,244718.80028610388
299107.1592087859,20.53096060818596,108.4353,108.4353,108.4353,2021,6,14,0,244653.0874815603
298116.7122191743,20.525319242994975,108.3278,108.3278,108.3278,2021,6,11,4,243873.4131712393
297726.45685835514,20.523032388349026,108.2917,108.2917,108.2917,2021,6,10,3,243080.22517331596
297803.4421196135,20.523884549313912,108.2554,108.2554,108.2554,2021,6,9,2,242532.0475334136
297344.57273052755,20.521126540219363,108.2201,108.2201,108.2201,2021,6,8,1,243404.09048122013
296889.5957458092,20.518390501480326,108.1848,108.1848,108.1848,2021,6,7,0,242456.93753594678
296046.5899597055,20.5136825605495,108.0789,108.0789,108.0789,2021,6,4,4,242159.49600263458
293622.83367818996,20.497565658356574,108.0438,108.0438,108.0438,2021,6,3,3,241843.94529824393
292295.65724235453,20.488823127964128,108.0095,108.0095,108.0095,2021,6,2,2,241617.78462600804
291577.61133795924,20.48423391190344,107.9739,107.9739,107.9739,2021,6,1,1,241059.5480764452
292201.09148245835,20.47960796273953,108.9389,108.9389,108.9389,2021,5,31,0,240799.61345267977
291800.942162187,20.477843292679278,108.8326,108.8326,108.8326,2021,5,28,4,240415.5169140919
290648.7114268357,20.473215139934958,108.4757,108.4757,108.4757,2021,5,27,3,240047.4129710837
290525.59203149384,20.472712979207028,108.4383,108.4383,108.4383,2021,5,26,2,240276.9306299504
290264.9431924048,20.471260822954648,108.4011,108.4011,108.4011,2021,5,25,1,239811.0105104851
289626.8790586606,20.467194599113114,108.3648,108.3648,108.3648,2021,5,24,0,239368.30102590861
289347.41458651394,20.46626623537821,108.2562,108.2562,108.2562,2021,5,21,4,239287.18426422257
288656.7062172816,20.461820099923397,108.2201,108.2201,108.2201,2021,5,20,3,239480.33335871235
288246.09577746235,20.459346111338224,108.1797,108.1797,108.1797,2021,5,19,2,238688.70416743646
288461.44729204284,20.461180617931117,108.1428,108.1428,108.1428,2021,5,18,1,238296.49896809226
288244.3346856621,20.460012216630222,108.1063,108.1063,108.1063,2021,5,17,0,237902.7696965296
287276.30282169115,20.454629256700414,107.961,107.961,107.961,2021,5,13,3,236945.8724514314
286654.21066068433,20.450631119672167,107.9246,107.9246,107.9246,2021,5,12,2,236656.71744778342
286905.479195344,20.452722518541357,107.888,107.888,107.888,2021,5,11,1,235758.84891768114
286369.48316220776,20.449320331556702,107.8516,107.8516,107.8516,2021,5,10,0,235504.65750371054
285730.30411814916,20.445920534729886,107.7363,107.7363,107.7363,2021,5,7,4,236793.23893037994
285423.0004996444,20.444061175926453,107.7048,107.7048,107.7048,2021,5,6,3,234876.97553191544
285040.86524082825,20.441788082063525,107.661,107.661,107.661,2021,5,5,2,234123.44375196603
284088.54259983805,20.435507884429143,107.6166,107.6166,107.6166,2021,5,4,1,233856.44002802233
284386.804028668,20.437879367420848,107.5872,107.5872,107.5872,2021,5,3,0,233207.8153286463
285364.6836973524,20.436471308564176,108.481,108.481,108.481,2021,4,30,4,232622.43680784534
285185.4239308524,20.43554262358169,108.4454,108.4454,108.4454,2021,4,29,3,232264.383015046
284883.03221067763,20.433751203099234,108.4096,108.4096,108.4096,2021,4,28,2,232124.72982196446
284346.11418134416,20.43031248412913,108.3734,108.3734,108.3734,2021,4,27,1,231868.81018041217
282635.69702410203,20.41953463259666,108.2338,108.2338,108.2338,2021,4,23,4,231577.88912156533
282394.2047826938,20.418108908402857,108.2031,108.2031,108.2031,2021,4,22,3,231453.2304232326
282203.5489825562,20.41710397745774,108.1656,108.1656,108.1656,2021,4,21,2,230878.74556704002
281708.81641679234,20.413920485973662,108.1304,108.1304,108.1304,2021,4,20,1,230796.07269574585
279376.1976695223,20.39761583450472,108.0953,108.0953,108.0953,2021,4,19,0,230522.05263223732
279532.2858641735,20.399720591504177,107.9886,107.9886,107.9886,2021,4,16,4,230180.6015123125
279278.5813057099,20.398232913897157,107.9531,107.9531,107.9531,2021,4,15,3,229711.96041621343
278526.01447678095,20.39316609016534,107.9175,107.9175,107.9175,2021,4,14,2,229425.1019326351
279461.26497573865,20.40021504897749,107.8804,107.8804,107.8804,2021,4,13,1,229338.4262934801
278979.55035624024,20.39709382326196,107.8449,107.8449,107.8449,2021,4,12,0,227929.6646290254
278597.9494401206,20.395342842452393,107.7385,107.7385,107.7385,2021,4,9,4,228743.89681633038
277323.7631027857,20.386492605352757,107.7043,107.7043,107.7043,2021,4,8,3,228300.50991329388
276901.9004276605,20.384113186659963,107.6326,107.6326,107.6326,2021,4,6,1,227868.30383741393
275708.5015670899,20.37714069795929,107.4535,107.4535,107.4535,2021,4,1,3,227713.78738798405
276808.16324055544,20.37617214472699,108.4173,108.4173,108.4173,2021,3,31,2,227236.85857496798
276535.5012999416,20.374533371142025,108.3813,108.3813,108.3813,2021,3,30,1,227268.46245214052
275383.1999390304,20.366514073499992,108.3453,108.3453,108.3453,2021,3,29,0,226411.43049137338
274629.1454553577,20.36237522343198,108.1997,108.1997,108.1997,2021,3,25,3,226212.11331573295
274588.33807831316,20.362431259644303,108.1615,108.1615,108.1615,2021,3,24,2,225996.20656128277
274069.1347971712,20.358981525493316,108.1252,108.1252,108.1252,2021,3,23,1,225877.10870838593
273527.5639289942,20.356372489438517,107.9797,107.9797,107.9797,2021,3,19,4,225691.7682998651
273177.4341905824,20.354148238012485,107.9432,107.9432,107.9432,2021,3,18,3,225661.03393273283
272848.6964902893,20.352077990948924,107.9067,107.9067,107.9067,2021,3,17,2,224968.45423296574
272427.9388482944,20.349329781424345,107.8702,107.8702,107.8702,2021,3,16,1,224473.2138436789
272125.72277871857,20.347449516564957,107.8336,107.8336,107.8336,2021,3,15,0,224313.44318067518
271552.33622379316,20.344250395597154,107.7237,107.7237,107.7237,2021,3,12,4,224143.02805599375
271329.17826448375,20.34294697929501,107.687,107.687,107.687,2021,3,11,3,223802.38607152962
271491.0136456638,20.34448228431606,107.6501,107.6501,107.6501,2021,3,10,2,223685.79951903518
271290.310879729,20.343344420202214,107.6134,107.6134,107.6134,2021,3,9,1,223327.34621275112
271044.29712342226,20.341872118885455,107.5766,107.5766,107.5766,2021,3,8,0,222701.63008262872
270564.56255335803,20.33935939153372,107.4658,107.4658,107.4658,2021,3,5,4,221836.8400941106
270652.1498666508,20.340351313597335,107.4288,107.4288,107.4288,2021,3,4,3,221723.6846507833
270126.1694692501,20.336804140582036,107.3919,107.3919,107.3919,2021,3,3,2,221865.7282099919
268392.3262628796,20.324261027235636,107.3559,107.3559,107.3559,2021,3,2,1,221200.3735291828
267223.37245972705,20.315866946676174,107.3198,107.3198,107.3198,2021,3,1,0,220917.24284969247
267817.1590673943,20.312065991439976,108.2078,108.2078,108.2078,2021,2,26,4,220738.53775994803
267669.1434664444,20.31130715486802,108.1703,108.1703,108.1703,2021,2,25,3,219787.28075480164
267383.3426262938,20.30951824206982,108.1327,108.1327,108.1327,2021,2,24,2,219280.04965484206
267013.38472175883,20.30709633477166,108.0951,108.0951,108.0951,2021,2,23,1,218387.06268742203
266097.4259021684,20.30057142755416,108.0576,108.0576,108.0576,2021,2,22,0,217839.8252423785
265510.38037278317,20.297246088538355,107.9397,107.9397,107.9397,2021,2,19,4,217314.132222136
264746.6445456864,20.29182075748756,107.9034,107.9034,107.9034,2021,2,18,3,217386.82606335648
264439.45054085634,20.289836732645675,107.8669,107.8669,107.8669,2021,2,17,2,216919.37949081452
264183.17829943297,20.288237062587275,107.8303,107.8303,107.8303,2021,2,16,1,215801.3885950459
264247.74796168087,20.28909933175178,107.7901,107.7901,107.7901,2021,2,15,0,214816.43916234624
264107.54650916357,20.28900774225577,107.6856,107.6856,107.6856,2021,2,12,4,214203.83739501494
264037.9925145243,20.28882241151073,107.6488,107.6488,107.6488,2021,2,11,3,213926.76686889838
263699.1469296023,20.286595803457523,107.612,107.612,107.612,2021,2,10,2,213663.8862423175
263544.60153918917,20.285765984801007,107.5752,107.5752,107.5752,2021,2,9,1,212595.41743849983
262564.208938271,20.282129999288177,107.1652,107.1652,107.1652,2021,2,8,0,211383.25279496482
262643.90271599684,20.28379008965412,107.0524,107.0524,107.0524,2021,2,5,4,208785.24552733605
262455.1648008475,20.282703170207157,107.0149,107.0149,107.0149,2021,2,4,3,207284.4969918397
262252.6762632366,20.28151124957464,106.9773,106.9773,106.9773,2021,2,3,2,207125.56428220056
260521.7293146965,20.268612291347523,106.9403,106.9403,106.9403,2021,2,2,1,207735.0476732802
259792.73931921192,20.2633686507083,106.9018,106.9018,106.9018,2021,2,1,0,206253.52009400955
260764.69423942344,20.262564835183852,107.7898,107.7898,107.7898,2021,1,29,4,206164.0374694869
260304.19493411935,20.259387335769425,107.7512,107.7512,107.7512,2021,1,28,3,206056.32985807548
259645.00404895144,20.25466262141549,107.7139,107.7139,107.7139,2021,1,27,2,205413.48801911718
259413.459239647,20.253224493261495,107.6766,107.6766,107.6766,2021,1,26,1,205217.78002717017
258383.9449537258,20.24561843880721,107.6393,107.6393,107.6393,2021,1,25,0,204774.03168336555
258050.05196548594,20.244075948720155,107.527,107.527,107.527,2021,1,22,4,204414.2824823647
258063.08015533723,20.244528330865936,107.4892,107.4892,107.4892,2021,1,21,3,204436.15765991592
257651.78154379217,20.24168619107682,107.4518,107.4518,107.4518,2021,1,20,2,204049.12785371076
256811.85753566754,20.235506766501477,107.4141,107.4141,107.4141,2021,1,19,1,203951.1539480716
256004.98568299407,20.229564451433404,107.3763,107.3763,107.3763,2021,1,18,0,203567.9834072883
257706.04883843916,20.243876087506095,107.2619,107.2619,107.2619,2021,1,15,4,202783.40957546307
256999.10111945917,20.238730836174213,107.2245,107.2245,107.2245,2021,1,14,3,202115.68714261145
256799.63168852092,20.23753253954939,107.1865,107.1865,107.1865,2021,1,13,2,201875.04811313358
256265.0395944402,20.234041774610155,107.114,107.114,107.114,2021,1,11,0,201705.4244882621
255893.58610094158,20.23217827726499,107.0029,107.0029,107.0029,2021,1,8,4,201615.07233527955
253974.6228806532,20.21745851166456,106.967,106.967,106.967,2021,1,7,3,200917.2583109525
253213.70705074398,20.211819338744437,106.9283,106.9283,106.9283,2021,1,6,2,200461.50759272964
252806.29659913536,20.208950282851728,106.8908,106.8908,106.8908,2021,1,5,1,200013.26753888105
251985.61165384026,20.202801139447395,106.8529,106.8529,106.8529,2021,1,4,0,199679.7358943065
252843.62184140616,20.2016881828636,107.7016,107.7016,107.7016,2020,12,31,3,200348.2284733758
252444.79176657615,20.19888167342945,107.6639,107.6639,107.6639,2020,12,30,2,199862.8261021794
251556.02694262765,20.192158476430635,107.6283,107.6283,107.6283,2020,12,29,1,198807.15283301554
250889.68035562962,20.18719920147799,107.5911,107.5911,107.5911,2020,12,28,0,198432.55095021584
250735.64501181318,20.18736281359486,107.4415,107.4415,107.4415,2020,12,24,3,198539.56646270788
250398.99149040118,20.18502339598775,107.4041,107.4041,107.4041,2020,12,23,2,198281.46203525935
250153.26270168854,20.183408553360724,107.3666,107.3666,107.3666,2020,12,22,1,197874.2645033204
249604.88145002292,20.17935715141598,107.3304,107.3304,107.3304,2020,12,21,0,197417.9121902316
249604.88145002292,20.17935715141598,107.3304,107.3304,107.3304,2020,12,20,6,197155.1594480601
249398.66445352108,20.17874994814766,107.2182,107.2182,107.2182,2020,12,18,4,196897.30658688553
249116.8995148061,20.176820388947192,107.1827,107.1827,107.1827,2020,12,16,2,196739.99954137442
247889.9296086874,20.167283643921998,107.1464,107.1464,107.1464,2020,12,15,1,196611.5722132347
247130.76469276342,20.161492312646317,107.1097,107.1097,107.1097,2020,12,14,0,196181.37943599542
246857.3747147733,20.15962042325608,107.0731,107.0731,107.0731,2020,12,13,6,196179.89151804015
246064.3745353439,20.154215854982414,106.9628,106.9628,106.9628,2020,12,10,3,196114.03453906608
245633.31450847624,20.151054409393687,106.9259,106.9259,106.9259,2020,12,9,2,195492.0896940334
245202.43085832163,20.148235724994297,106.8518,106.8518,106.8518,2020,12,7,0,194871.3975961583
244718.80028610388,20.144636405120128,106.8145,106.8145,106.8145,2020,12,6,6,194785.8179310034
244653.0874815603,20.145149078150432,106.7024,106.7024,106.7024,2020,12,3,3,194502.76340479072
243873.4131712393,20.1391106298804,106.6656,106.6656,106.6656,2020,12,2,2,193851.2012153136
243080.22517331596,20.132946477383136,106.6281,106.6281,106.6281,2020,12,1,1,193478.34326239204
242532.0475334136,20.1287846040437,106.5904,106.5904,106.5904,2020,11,30,0,193041.83420523128
243404.09048122013,20.126979732220487,107.5523,107.5523,107.5523,2020,11,29,6,193274.581875838
242456.93753594678,20.120234904120778,107.4391,107.4391,107.4391,2020,11,26,3,193241.50267354576
242159.49600263458,20.1181338936081,107.401,107.401,107.401,2020,11,25,2,193000.13093671724
241843.94529824393,20.115880005434942,107.363,107.363,107.363,2020,11,24,1,192291.64721958153
241617.78462600804,20.11436503031087,107.3248,107.3248,107.3248,2020,11,23,0,191912.78543898527
241059.5480764452,20.11010481137785,107.2855,107.2855,107.2855,2020,11,22,6,191269.72041277206
240799.61345267977,20.109017769432555,107.1707,107.1707,107.1707,2020,11,19,3,191343.17127266392
240415.5169140919,20.106175502657894,107.1332,107.1332,107.1332,2020,11,18,2,191002.6971237579
240047.4129710837,20.10346771824632,107.0949,107.0949,107.0949,2020,11,17,1,190091.70224859894
240276.9306299504,20.105742748760303,107.056,107.056,107.056,2020,11,16,0,189060.52907114167
239811.0105104851,20.102219030579025,107.0177,107.0177,107.0177,2020,11,15,6,188783.8142432502
239368.30102590861,20.099580263375763,106.9046,106.9046,106.9046,2020,11,12,3,188723.74010971698
239287.18426422257,20.09925588064872,106.8668,106.8668,106.8668,2020,11,11,2,188213.77556459568
239480.33335871235,20.10122515804658,106.8288,106.8288,106.8288,2020,11,10,1,188019.68490328346
238688.70416743646,20.09495603478051,106.7911,106.7911,106.7911,2020,11,9,0,187558.7098191657
238296.49896809226,20.092019323343834,106.7535,106.7535,106.7535,2020,11,8,6,187370.62480084758
237902.7696965296,20.089694086261712,106.6487,106.6487,106.6487,2020,11,5,3,187389.9244824278
236945.8724514314,20.08198793997938,106.6109,106.6109,106.6109,2020,11,4,2,186632.1959360978
236656.71744778342,20.079877549871817,106.5756,106.5756,106.5756,2020,11,3,1,186201.54113081342
235758.84891768114,20.072612504005175,106.5396,106.5396,106.5396,2020,11,2,0,186633.94607675206
235504.65750371054,20.070793182049723,106.5036,106.5036,106.5036,2020,11,1,6,184297.33740659413
236793.23893037994,20.07341336415793,107.3905,107.3905,107.3905,2020,10,29,3,184107.7415178949
234876.97553191544,20.072543547290458,105.7514,105.7514,105.7514,2020,10,26,0,183223.48637811147
234123.44375196603,20.066472256527295,105.7138,105.7138,105.7138,2020,10,25,6,183472.16105494043
233856.44002802233,20.065263627919837,105.6004,105.6004,105.6004,2020,10,22,3,182980.4101954906
233207.8153286463,20.05970633244417,105.5633,105.5633,105.5633,2020,10,21,2,182959.30784950516
232622.43680784534,20.055409299194285,105.5236,105.5236,105.5236,2020,10,20,1,190285.33693314364
232264.383015046,20.05268158737986,105.4864,105.4864,105.4864,2020,10,19,0,189917.81714812855
232124.72982196446,20.051836068057522,105.4487,105.4487,105.4487,2020,10,18,6,189904.97390255475
231868.81018041217,20.05069283255049,105.3366,105.3366,105.3366,2020,10,15,3,189574.80421564466
231577.88912156533,20.048537396611326,105.2992,105.2992,105.2992,2020,10,14,2,189127.37235638316
231453.2304232326,20.048173623924395,105.2241,105.2241,105.2241,2020,10,12,0,188978.13449523732
230878.74556704002,20.04355967847391,105.1866,105.1866,105.1866,2020,10,11,6,188582.89907679858
230796.07269574585,20.043916741643898,105.0738,105.0738,105.0738,2020,10,8,3,188334.64940005066
230522.05263223732,20.04189848528111,105.0362,105.0362,105.0362,2020,10,7,2,187952.4454705232
230180.6015123125,20.03928291499945,104.9996,104.9996,104.9996,2020,10,6,1,187259.44377478003
229711.96041621343,20.035557256055974,104.9628,104.9628,104.9628,2020,10,5,0,186856.2627901725
229425.1019326351,20.03341026521331,104.9258,104.9258,104.9258,2020,10,4,6,185957.73619919663
229338.4262934801,20.0337139439676,104.8147,104.8147,104.8147,2020,10,1,3,185905.23108409296
227929.6646290254,20.0217399029028,104.7781,104.7781,104.7781,2020,9,30,2,185466.33119652743
228743.89681633038,20.019690373342144,105.7445,105.7445,105.7445,2020,9,29,1,185254.48372568475
228300.50991329388,20.01616532290911,105.707,105.707,105.707,2020,9,28,0,184337.57948207413
227868.30383741393,20.01273203484815,105.6693,105.6693,105.6693,2020,9,27,6,184202.63654337305
227713.78738798405,20.01241753054408,105.5592,105.5592,105.5592,2020,9,24,3,184154.5293958582
227236.85857496798,20.00859878903522,105.5197,105.5197,105.5197,2020,9,23,2,183355.1124162345
227268.46245214052,20.00922660103338,105.4828,105.4828,105.4828,2020,9,22,1,182908.42176083638
226411.43049137338,20.002018539542497,105.4461,105.4461,105.4461,2020,9,21,0,182571.6952323114
226212.11331573295,20.0006099360972,105.4089,105.4089,105.4089,2020,9,20,6,182220.10510039775
225996.20656128277,19.999755273691857,105.2977,105.2977,105.2977,2020,9,17,3,181514.75497297733
225877.10870838593,19.999053409874517,105.2606,105.2606,105.2606,2020,9,16,2,181111.22850290095
225691.7682998651,19.997764101948444,105.2235,105.2235,105.2235,2020,9,15,1,180860.8540627573
225661.03393273283,19.997845487596127,105.1863,105.1863,105.1863,2020,9,14,0,180332.71077139612
224968.45423296574,19.992051135256393,105.1491,105.1491,105.1491,2020,9,13,6,179640.6239488719
224473.2138436789,19.988706950666568,105.0374,105.0374,105.0374,2020,9,10,3,179410.04147747695
224313.44318067518,19.98763262746193,105.0007,105.0007,105.0007,2020,9,9,2,178821.83812278075
224143.02805599375,19.986111953854447,104.9639,104.9639,104.9639,2020,9,8,1,178205.1787973627
223802.38607152962,19.983771518542586,104.9271,104.9271,104.9271,2020,9,7,0,176563.778966497
223685.79951903518,19.983069400303787,104.8914,104.8914,104.8914,2020,9,6,6,175312.1918771196
223327.34621275112,19.980917057614423,104.7808,104.7808,104.7808,2020,9,3,3,174380.46748199753
222701.63008262872,19.97565734977476,104.744,104.744,104.744,2020,9,2,2,174767.29880873024
221836.8400941106,19.96823169664416,104.7067,104.7067,104.7067,2020,9,1,1,174498.90298612195
221723.6846507833,19.96756332280249,104.6699,104.6699,104.6699,2020,8,31,0,173667.62705585058
221865.7282099919,19.959640806028244,105.6376,105.6376,105.6376,2020,8,30,6,173581.99957996796
221200.3735291828,19.954710015588358,105.524,105.524,105.524,2020,8,27,3,173413.5860650197
220917.24284969247,19.952501694936835,105.4867,105.4867,105.4867,2020,8,26,2,173087.97500597782
220738.53775994803,19.95123710037367,105.4494,105.4494,105.4494,2020,8,25,1,172627.61270086543
219787.28075480164,19.942952229791814,105.4122,105.4122,105.4122,2020,8,24,0,172449.6838169615
219280.04965484206,19.938687792110187,105.3747,105.3747,105.3747,2020,8,23,6,171906.6298038851
218387.06268742203,19.93158601361702,105.2631,105.2631,105.2631,2020,8,20,3,171443.6648476986
217839.8252423785,19.926929780366994,105.225,105.225,105.225,2020,8,19,2,170630.3260290503
217314.132222136,19.922820436836894,105.149,105.149,105.149,2020,8,18,1,170528.47052630244
217386.82606335648,19.923128274262055,105.1869,105.1869,105.1869,2020,8,18,1,170360.14980690173
216919.37949081452,19.919512161766853,105.1145,105.1145,105.1145,2020,8,17,0,170002.57726446385
215801.3885950459,19.910248230598874,105.002,105.002,105.002,2020,8,13,3,169822.99006515578
214816.43916234624,19.901391698224195,104.9713,104.9713,104.9713,2020,8,12,2,169637.37893462632
214203.83739501494,19.896057895991547,104.9316,104.9316,104.9316,2020,8,11,1,169293.40840836067
213926.76686889838,19.89382564405523,104.8942,104.8942,104.8942,2020,8,10,0,169428.9798053745
213663.8862423175,19.891711302371096,104.8581,104.8581,104.8581,2020,8,9,6,168153.32315342448
212595.41743849983,19.882720930378003,104.7495,104.7495,104.7495,2020,8,6,3,167849.74493459918
211383.25279496482,19.871631399914857,104.7132,104.7132,104.7132,2020,8,5,2,168495.4547152237
208785.24552733605,19.847243778394567,104.677,104.677,104.677,2020,8,4,1,168416.19119452263
207284.4969918397,19.833168802349125,104.64,104.64,104.64,2020,8,3,0,168349.74439867737
207125.56428220056,19.831873631607237,104.615,104.615,104.615,2020,8,2,6,166616.06614006346
207735.0476732802,19.829681331297998,105.4626,105.4626,105.4626,2020,7,29,2,166231.71681493276
206253.52009400955,19.815718353040456,105.4255,105.4255,105.4255,2020,7,28,1,165771.76142926153
206164.0374694869,19.81520690710526,105.3879,105.3879,105.3879,2020,7,27,0,165674.14471724306
206056.32985807548,19.814519071838482,105.3503,105.3503,105.3503,2020,7,26,6,165455.52772213446
205413.48801911718,19.80934019805861,105.2376,105.2376,105.2376,2020,7,23,3,165101.64132088452
205217.78002717017,19.807792469913583,105.1998,105.1998,105.1998,2020,7,22,2,164767.93083349077
204774.03168336555,19.803821634406066,105.1621,105.1621,105.1621,2020,7,21,1,164406.29126621038
204414.2824823647,19.800641352743916,105.1267,105.1267,105.1267,2020,7,20,0,164247.50598617928
204436.15765991592,19.80121546398829,105.0889,105.0889,105.0889,2020,7,19,6,164247.50598617928
204049.12785371076,19.79851400904123,104.9746,104.9746,104.9746,2020,7,16,3,164127.5072643827
203951.1539480716,19.79791464554363,104.9367,104.9367,104.9367,2020,7,15,2,163803.23772734165
203567.9834072883,19.794514914668554,104.8988,104.8988,104.8988,2020,7,14,1,163736.4344732717
202783.40957546307,19.78715293261257,104.8609,104.8609,104.8609,2020,7,13,0,163354.79016928154
202115.68714261145,19.78091868037779,104.8229,104.8229,104.8229,2020,7,12,6,163064.50393825752
201875.04811313358,19.779634670855366,104.7078,104.7078,104.7078,2020,7,9,3,161010.6273698106
201705.4244882621,19.778319265515925,104.6695,104.6695,104.6695,2020,7,8,2,161152.74221055006
201615.07233527955,19.777792203484207,104.6309,104.6309,104.6309,2020,7,7,1,160995.19821208954
200917.2583109525,19.77154280079757,104.5593,104.5593,104.5593,2020,7,5,6,160636.4047451573
200461.50759272964,19.76811841734168,104.4425,104.4425,104.4425,2020,7,2,3,159959.30187607097
200013.26753888105,19.764017426053652,104.4032,104.4032,104.4032,2020,7,1,2,159515.14978446404
199679.7358943065,19.761042561203933,104.3653,104.3653,104.3653,2020,6,30,1,159450.03026255593
200348.2284733758,19.758560927048674,105.3263,105.3263,105.3263,2020,6,29,0,159051.3387570504
199862.8261021794,19.75407867089516,105.2875,105.2875,105.2875,2020,6,28,6,158649.8656997856
198807.15283301554,19.744592641464646,105.1711,105.1711,105.1711,2020,6,25,3,157343.12558872727
198432.55095021584,19.741185368691262,105.1327,105.1327,105.1327,2020,6,24,2,156515.38753045976
198539.56646270788,19.742634632161842,105.0937,105.0937,105.0937,2020,6,23,1,156491.95104125963
198281.46203525935,19.740399269324588,105.0552,105.0552,105.0552,2020,6,22,0,156264.29357063628
197874.2645033204,19.736654433556023,105.0167,105.0167,105.0167,2020,6,21,6,156208.30565773384
197417.9121902316,19.733140231319926,104.9009,104.9009,104.9009,2020,6,18,3,155143.1476540295
197155.1594480601,19.73085351177818,104.8614,104.8614,104.8614,2020,6,17,2,154953.7074630678
196897.30658688553,19.7286054025594,104.8226,104.8226,104.8226,2020,6,16,1,154880.91627224447
196739.99954137442,19.72737442473191,104.7841,104.7841,104.7841,2020,6,15,0,153886.9643587786
196611.5722132347,19.726438976736762,104.7453,104.7453,104.7453,2020,6,14,6,153720.3223483154
196181.37943599542,19.723169592412848,104.6289,104.6289,104.6289,2020,6,11,3,153429.25288216717
196179.89151804015,19.723527622659248,104.5899,104.5899,104.5899,2020,6,10,2,153243.1212447071
196114.03453906608,19.723227052370454,104.5511,104.5511,104.5511,2020,6,9,1,152728.20196888983
195492.0896940334,19.71724397689192,104.5125,104.5125,104.5125,2020,6,8,0,152574.08605153105
194871.3975961583,19.71125717407371,104.4735,104.4735,104.4735,2020,6,7,6,152190.05147774937
194785.8179310034,19.711583795832027,104.3476,104.3476,104.3476,2020,6,4,3,151119.87163050397
194502.76340479072,19.70908052687045,104.3054,104.3054,104.3054,2020,6,3,2,151053.82270740453
193851.2012153136,19.702769338379582,104.2637,104.2637,104.2637,2020,6,2,1,150497.0555871443
193478.34326239204,19.699297711190347,104.2242,104.2242,104.2242,2020,6,1,0,150319.40411989397
193041.83420523128,19.695183438015288,104.1822,104.1822,104.1822,2020,5,31,6,149289.46732217917
193274.581875838,19.689249438648353,105.0551,105.0551,105.0551,2020,5,28,3,148909.1897527483
193241.50267354576,19.689309948277263,105.0128,105.0128,105.0128,2020,5,27,2,148860.86994976216
193000.13093671724,19.6872275808618,104.969,104.969,104.969,2020,5,26,1,130803.19329993438
192291.64721958153,19.68027586944843,104.9266,104.9266,104.9266,2020,5,25,0,127055.9697070547
191912.78543898527,19.677929446141096,104.7591,104.7591,104.7591,2020,5,21,3,126978.53975719678
191269.72041277206,19.6716276767956,104.716,104.716,104.716,2020,5,20,2,126953.12622121599
191343.17127266392,19.67277447693102,104.6763,104.6763,104.6763,2020,5,19,1,126927.71824834007
191002.6971237579,19.669586642651264,104.6372,104.6372,104.6372,2020,5,18,0,126927.71824834007
190091.70224859894,19.66038860598104,104.5991,104.5991,104.5991,2020,5,17,6,126927.71824834007
189060.52907114167,19.650608984546714,104.4842,104.4842,104.4842,2020,5,14,3,126927.71824834007
188783.8142432502,19.648060243406704,104.4445,104.4445,104.4445,2020,5,13,2,126927.71824834007
188723.74010971698,19.647797075753193,104.4055,104.4055,104.4055,2020,5,12,1,126927.71824834007
188213.77556459568,19.642755307359053,104.3668,104.3668,104.3668,2020,5,11,0,126927.71824834007
188019.68490328346,19.64106480575762,104.3279,104.3279,104.3279,2020,5,10,6,126927.71824834007
187558.7098191657,19.637265934191927,104.2121,104.2121,104.2121,2020,5,7,3,126927.71824834007
187370.62480084758,19.63567317161068,104.169,104.169,104.169,2020,5,6,2,126927.71824834007
187389.9244824278,19.63625190934376,104.1302,104.1302,104.1302,2020,5,5,1,126927.71824834007
186632.1959360978,19.628511208699116,104.0924,104.0924,104.0924,2020,5,4,0,126927.71824834007
186201.54113081342,19.62426487053289,104.0535,104.0535,104.0535,2020,5,3,6,126927.71824834007
186633.94607675206,19.62076911246664,104.9034,104.9034,104.9034,2020,4,29,2,126927.71824834007
184297.33740659413,19.595945841844447,104.8641,104.8641,104.8641,2020,4,28,1,126927.71824834007
184107.7415178949,19.594258510332622,104.8252,104.8252,104.8252,2020,4,27,0,126927.71824834007
183223.48637811147,19.58612398774721,104.6687,104.6687,104.6687,2020,4,26,6,126927.71824834007
183472.16105494043,19.587713687671712,104.7863,104.7863,104.7863,2020,4,26,6,126927.71824834007
182980.4101954906,19.583869450258714,104.6268,104.6268,104.6268,2020,4,22,2,126927.71824834007
182959.30784950516,19.584004174295764,104.5885,104.5885,104.5885,2020,4,21,1,126927.71824834007
190285.33693314364,19.66285244561326,104.5544,104.5544,104.5544,2020,4,20,0,126927.71824834007
189917.81714812855,19.659309484141666,104.5206,104.5206,104.5206,2020,4,19,6,126927.71824834007
189904.97390255475,19.660204800793963,104.4129,104.4129,104.4129,2020,4,16,3,126927.71824834007
189574.80421564466,19.657048755476595,104.3791,104.3791,104.3791,2020,4,15,2,126927.71824834007
189127.37235638316,19.65264758617656,104.3452,104.3452,104.3452,2020,4,14,1,126927.71824834007
188978.13449523732,19.651395092072352,104.3111,104.3111,104.3111,2020,4,13,0,126927.71824834007
188582.89907679858,19.64898117899284,104.1263,104.1263,104.1263,2020,4,8,2,126927.71824834007
188334.64940005066,19.646675372452197,104.0921,104.0921,104.0921,2020,4,7,1,126927.71824834007
187952.4454705232,19.643270254118118,104.0236,104.0236,104.0236,2020,4,5,6,126927.71824834007
187259.44377478003,19.636814866285107,103.9267,103.9267,103.9267,2020,4,2,3,126927.71824834007
186856.2627901725,19.632864469621616,103.8893,103.8893,103.8893,2020,4,1,2,126927.71824834007
185957.73619919663,19.62357875161124,103.8524,103.8524,103.8524,2020,3,31,1,126927.71824834007
185905.23108409296,19.613788106922613,104.815,104.815,104.815,2020,3,30,0,126927.71824834007
185466.33119652743,19.609421345013253,104.7772,104.7772,104.7772,2020,3,29,6,126927.71824834007
185254.48372568475,19.608223064314434,104.6633,104.6633,104.6633,2020,3,26,3,126927.71824834007
184337.57948207413,19.598674412064696,104.6241,104.6241,104.6241,2020,3,25,2,126927.71824834007
184202.63654337305,19.597568130961925,104.5866,104.5866,104.5866,2020,3,24,1,126927.71824834007
184154.5293958582,19.597410203668442,104.5485,104.5485,104.5485,2020,3,23,0,126927.71824834007
183355.1124162345,19.58907329604191,104.5104,104.5104,104.5104,2020,3,22,6,126927.71824834007
182908.42176083638,19.585291548134883,104.3959,104.3959,104.3959,2020,3,19,3,126927.71824834007
182571.6952323114,19.58197097849211,104.3578,104.3578,104.3578,2020,3,18,2,126927.71824834007
182220.10510039775,19.57848353820717,104.3194,104.3194,104.3194,2020,3,17,1,126927.71824834007
181514.75497297733,19.571094319409703,104.2811,104.2811,104.2811,2020,3,16,0,126927.71824834007
181111.22850290095,19.567018998541293,104.2419,104.2419,104.2419,2020,3,15,6,126927.71824834007
180860.8540627573,19.56536781789595,104.1257,104.1257,104.1257,2020,3,12,3,126927.71824834007
180332.71077139612,19.559890423871305,104.087,104.087,104.087,2020,3,11,2,126927.71824834007
179640.6239488719,19.552572168162083,104.0483,104.0483,104.0483,2020,3,10,1,126927.71824834007
179410.04147747695,19.550361978745457,104.011,104.011,104.011,2020,3,9,0,126927.71824834007
178821.83812278075,19.544168717850404,103.972,103.972,103.972,2020,3,8,6,126927.71824834007
178205.1787973627,19.538774311557773,103.8147,103.8147,103.8147,2020,3,4,2,126927.71824834007
176563.778966497,19.520644924103255,103.7755,103.7755,103.7755,2020,3,3,1,126927.71824834007
175312.1918771196,19.506787551321974,103.7371,103.7371,103.7371,2020,3,2,0,126927.71824834007
174380.46748199753,19.496512475467316,103.6974,103.6974,103.6974,2020,3,1,6,126927.71824834007
174767.29880873024,19.493000811211978,104.5244,104.5244,104.5244,2020,2,27,3,126927.71824834007
174498.90298612195,19.490307489583472,104.4846,104.4846,104.4846,2020,2,26,2,126927.71824834007
173667.62705585058,19.481137832720943,104.4449,104.4449,104.4449,2020,2,25,1,126927.71824834007
173581.99957996796,19.48054703415901,104.4036,104.4036,104.4036,2020,2,24,0,126927.71824834007
173413.5860650197,19.478983345181867,104.3641,104.3641,104.3641,2020,2,23,6,126927.71824834007
173087.97500597782,19.476358798858005,104.2458,104.2458,104.2458,2020,2,20,3,126927.71824834007
172627.61270086543,19.471411237813644,104.2063,104.2063,104.2063,2020,2,19,2,126927.71824834007
172449.6838169615,19.46972915253006,104.1667,104.1667,104.1667,2020,2,18,1,126927.71824834007
171906.6298038851,19.463799963934957,104.1272,104.1272,104.1272,2020,2,17,0,126927.71824834007
171443.6648476986,19.458767122571455,104.0897,104.0897,104.0897,2020,2,16,6,126927.71824834007
170630.3260290503,19.450390201008386,103.9717,103.9717,103.9717,2020,2,13,3,126927.71824834007
170528.47052630244,19.449577229881687,103.9321,103.9321,103.9321,2020,2,12,2,126927.71824834007
170360.14980690173,19.448113426184747,103.879,103.879,103.879,2020,2,11,1,126927.71824834007
170002.57726446385,19.444273894214167,103.8413,103.8413,103.8413,2020,2,10,0,126927.71824834007
169822.99006515578,19.44253106269236,103.8028,103.8028,103.8028,2020,2,9,6,126927.71824834007
169637.37893462632,19.441433791719682,103.6897,103.6897,103.6897,2020,2,6,3,126927.71824834007
169293.40840836067,19.437740452451816,103.6518,103.6518,103.6518,2020,2,5,2,126927.71824834007
169428.9798053745,19.439707375511194,103.6138,103.6138,103.6138,2020,2,4,1,126927.71824834007
168153.32315342448,19.424943703501246,103.5774,103.5774,103.5774,2020,2,3,0,126927.71824834007
167849.74493459918,19.42169901908547,103.5392,103.5392,103.5392,2020,2,2,6,126927.71824834007
168495.4547152237,19.42086641498107,104.4242,104.4242,104.4242,2020,1,30,3,126927.71824834007
168416.19119452263,19.42033125526491,104.3818,104.3818,104.3818,2020,1,29,2,126927.71824834007
168349.74439867737,19.41990524454971,104.3439,104.3439,104.3439,2020,1,28,1,126927.71824834007
166616.06614006346,19.39956170629028,104.3064,104.3064,104.3064,2020,1,27,0,126927.71824834007
166231.71681493276,19.395309381607838,104.2682,104.2682,104.2682,2020,1,26,6,126927.71824834007
165771.76142926153,19.390871347823108,104.1532,104.1532,104.1532,2020,1,23,3,126927.71824834007
165674.14471724306,19.390061513779184,104.1149,104.1149,104.1149,2020,1,22,2,126927.71824834007
165455.52772213446,19.387783950850967,104.0771,104.0771,104.0771,2020,1,21,1,126927.71824834007
165101.64132088452,19.383757549299432,104.0504,104.0504,104.0504,2020,1,20,0,126927.71824834007
164767.93083349077,19.38006861833287,104.0132,104.0132,104.0132,2020,1,19,6,126927.71824834007
164406.29126621038,19.37676895531043,103.8994,103.8994,103.8994,2020,1,16,3,126927.71824834007
164247.50598617928,19.375202494971138,103.8614,103.8614,103.8614,2020,1,15,2,126927.71824834007
164247.50598617928,19.375202494971138,103.8614,103.8614,103.8614,2020,1,15,2,126927.71824834007
164127.5072643827,19.374105588966422,103.8235,103.8235,103.8235,2020,1,14,1,126927.71824834007
163803.23772734165,19.37051661000103,103.7855,103.7855,103.7855,2020,1,13,0,126927.71824834007
163736.4344732717,19.370068864984844,103.7473,103.7473,103.7473,2020,1,12,6,126927.71824834007
163354.79016928154,19.36650583986654,103.6328,103.6328,103.6328,2020,1,9,3,126927.71824834007
163064.50393825752,19.363318331928134,103.5945,103.5945,103.5945,2020,1,8,2,126927.71824834007
161010.6273698106,19.338332170301765,103.5567,103.5567,103.5567,2020,1,7,1,126927.71824834007
161152.74221055006,19.340474696457267,103.5175,103.5175,103.5175,2020,1,6,0,126927.71824834007
160995.19821208954,19.33890721942539,103.4773,103.4773,103.4773,2020,1,5,6,126927.71824834007
160636.4047451573,19.335567969211727,103.3612,103.3612,103.3612,2020,1,2,3,126927.71824834007
159959.30187607097,19.327484099582527,103.3235,103.3235,103.3235,2020,1,1,2,126927.71824834007
159515.14978446404,19.32265891252237,103.2475,103.2475,103.2475,2019,12,30,0,126927.71824834007
159450.03026255593,19.322212511883833,103.2093,103.2093,103.2093,2019,12,29,6,126927.71824834007
159051.3387570504,19.318318446606785,103.0945,103.0945,103.0945,2019,12,26,3,126927.71824834007
158649.8656997856,19.31438334454414,102.9792,102.9792,102.9792,2019,12,23,0,126927.71824834007
157343.12558872727,19.298216950617952,102.9405,102.9405,102.9405,2019,12,22,6,126927.71824834007
156515.38753045976,19.2888170931392,102.8223,102.8223,102.8223,2019,12,19,3,126927.71824834007
156491.95104125963,19.288905804486767,102.7824,102.7824,102.7824,2019,12,18,2,126927.71824834007
156264.29357063628,19.286381592976532,102.7426,102.7426,102.7426,2019,12,17,1,126927.71824834007
156208.30565773384,19.286035427219097,102.7045,102.7045,102.7045,2019,12,16,0,126927.71824834007
155143.1476540295,19.272721545064073,102.6665,102.6665,102.6665,2019,12,15,6,126927.71824834007
154953.7074630678,19.271408199705537,102.5505,102.5505,102.5505,2019,12,12,3,126927.71824834007
154880.91627224447,19.270846051381003,102.5118,102.5118,102.5118,2019,12,11,2,126927.71824834007
153886.9643587786,19.25834768155907,102.473,102.473,102.473,2019,12,10,1,126927.71824834007
153720.3223483154,19.256564506604466,102.4337,102.4337,102.4337,2019,12,9,0,126927.71824834007
153429.25288216717,19.254314660291694,102.276,102.276,102.276,2019,12,5,3,126927.71824834007
153243.1212447071,19.252273405123113,102.2365,102.2365,102.2365,2019,12,4,2,126927.71824834007
152728.20196888983,19.245928534073492,102.1969,102.1969,102.1969,2019,12,3,1,126927.71824834007
152574.08605153105,19.244429616432917,102.1438,102.1438,102.1438,2019,12,2,0,126927.71824834007
152190.05147774937,19.239651826117232,102.117,102.117,102.117,2019,12,1,6,126927.71824834007
151119.87163050397,19.226688309558863,101.9996,101.9996,101.9996,2019,11,28,3,126927.71824834007
151053.82270740453,19.226203410624628,101.9599,101.9599,101.9599,2019,11,27,2,126927.71824834007
150497.0555871443,19.21920786818141,101.9202,101.9202,101.9202,2019,11,26,1,126927.71824834007
150319.40411989397,19.217238851847252,101.8801,101.8801,101.8801,2019,11,25,0,126927.71824834007
149289.46732217917,19.203873342017555,101.8409,101.8409,101.8409,2019,11,24,6,126927.71824834007
148909.1897527483,19.19994735708359,101.7213,101.7213,101.7213,2019,11,21,3,126927.71824834007
148860.86994976216,19.199701687781424,101.6803,101.6803,101.6803,2019,11,20,2,126927.71824834007
130803.19329993438,18.941358809047827,101.6504,101.6504,101.6504,2019,11,19,1,126927.71824834007
127055.9697070547,18.883970786359694,101.5748,101.5748,101.5748,2019,11,17,6,126927.71824834007
126978.53975719678,18.883970786359694,101.451,101.451,101.451,2019,11,14,3,126927.71824834007
126953.12622121599,18.883970786359694,101.4104,101.4104,101.4104,2019,11,13,2,126927.71824834007
126927.71824834007,18.883970786359694,101.3698,101.3698,101.3698,2019,11,12,1,126927.71824834007
